UserId,TransactionId,TransactionTime,ItemCode,ItemDescription,NumberOfItemsPurchased,CostPerItem,Country
372624,5958689,Wed Apr 04 05:03:00 IST 2018,464268,PING! MICROWAVE PLATE,24,1.73,United Kingdom
339381,6277513,Sun Dec 23 12:09:00 IST 2018,487263,JUMBO BAG VINTAGE DOILY ,-6,2.88,United Kingdom
297738,6306949,Fri Jan 11 08:48:00 IST 2019,473508,HEADS AND TAILS SPORTING FUN,6,1.73,United Kingdom
267225,5907242,Wed Feb 14 11:45:00 IST 2018,-1,POSTAGE,6,38.64,Italy
293685,6358869,Sun Feb 03 12:26:00 IST 2019,494949,TRADTIONAL ALPHABET STAMP SET,12,6.84,United Kingdom
-1,6309435,Sat Jan 12 10:41:00 IST 2019,479136,CARD MOTORBIKE SANTA,57,0.58,United Kingdom
278607,6022665,Mon Jun 04 10:02:00 IST 2018,455028,RED STRIPE CERAMIC DRAWER KNOB,36,1.73,United Kingdom
267813,5922367,Fri Feb 23 07:44:00 IST 2018,463533,RED RETROSPOT STORAGE JAR,48,4.68,Japan
371175,6213339,Sun Nov 11 11:42:00 IST 2018,466032,BLUE DINER WALL CLOCK,12,11.73,United Kingdom
-1,5939538,Tue Mar 06 09:26:00 IST 2018,474285,PACK OF 6 BIRDY GIFT TAGS,3,3.47,United Kingdom
321531,5931717,Tue Feb 27 09:33:00 IST 2018,1785735,CHOCOLATE 3 WICK MORRIS BOX CANDLE,36,1.73,United Kingdom
315483,5956379,Sun Apr 01 09:38:00 IST 2018,339276,WRAP PINK FAIRY CAKES ,75,0.58,United Kingdom
366912,5994230,Tue May 08 14:26:00 IST 2018,443541,SET/10 RED POLKADOT PARTY CANDLES,3,1.73,United Kingdom
312375,6207355,Mon Nov 05 08:20:00 IST 2018,487956,STORAGE TIN VINTAGE DOILY ,18,3.99,United Kingdom
305403,6002447,Fri May 18 06:48:00 IST 2018,-1,Manual,-6,14.7,United Kingdom
-1,6149561,Sun Sep 16 12:47:00 IST 2018,466116,SMALL HEART MEASURING SPOONS,3,2.25,United Kingdom
-1,6115175,Sun Aug 19 13:13:00 IST 2018,471597,NATURAL SLATE HEART CHALKBOARD ,6,8.0,United Kingdom
310338,6186180,Tue Oct 16 11:23:00 IST 2018,484638,ICE CREAM PEN LIP GLOSS ,72,1.73,United Kingdom
374661,6305695,Wed Jan 09 08:08:00 IST 2019,966000,POLYESTER FILLER PAD 40x40cm,6,2.01,United Kingdom
270921,6166391,Sun Sep 30 11:29:00 IST 2018,457527,RAIN PONCHO RETROSPOT,108,1.18,United Kingdom
275877,6226198,Tue Nov 20 08:42:00 IST 2018,1765617,WORLD WAR 2 GLIDERS ASSTD DESIGNS,144,0.41,United Kingdom
-1,6281902,Tue Dec 25 11:25:00 IST 2018,461832,VINTAGE PAISLEY STATIONERY SET,3,3.4,United Kingdom
377265,5949449,Mon Mar 26 06:58:00 IST 2018,482391,QUEENS GUARD COFFEE MUG,18,3.52,United Kingdom
-1,6124932,Sun Aug 26 13:25:00 IST 2018,435204,RED RETROSPOT CHARLOTTE BAG,3,2.25,United Kingdom
308616,5956291,Sun Apr 01 08:09:00 IST 2018,472101,BLACK TEA TOWEL CLASSIC DESIGN,72,0.58,United Kingdom
278523,6100578,Mon Aug 06 07:12:00 IST 2018,1781829,HOT BATHS SOAP HOLDER,6,2.34,United Kingdom
332199,6004999,Sun May 20 05:45:00 IST 2018,464919,RETROSPOT TEA SET CERAMIC 11 PC ,9,6.84,United Kingdom
308931,6228134,Wed Nov 21 09:42:00 IST 2018,483735,DRAWER KNOB CERAMIC IVORY,18,2.01,United Kingdom
352044,6217277,Tue Nov 13 12:46:00 IST 2018,439194,SET/5 RED RETROSPOT LID GLASS BOWLS,12,4.08,United Kingdom
299670,5949339,Mon Mar 26 05:33:00 IST 2018,476007,RECIPE BOX RETROSPOT ,18,4.08,United Kingdom
370755,6372377,Sun Feb 10 07:34:00 IST 2019,490497,HOT WATER BOTTLE SEX BOMB,12,6.84,United Kingdom
-1,6298083,Sat Jan 05 13:09:00 IST 2019,491862,PANTRY HOOK BALLOON WHISK ,3,5.7,United Kingdom
368991,6293133,Tue Jan 01 11:57:00 IST 2019,1788843,CHARLIE & LOLA WASTEPAPER BIN FLORA,3,1.73,United Kingdom
-1,6393409,Tue Feb 19 05:28:00 IST 2019,460278,SET 12 KIDS COLOUR  CHALK STICKS,6,1.15,United Kingdom
330876,6154786,Fri Sep 21 07:19:00 IST 2018,486108,MINIATURE ANTIQUE ROSE HOOK IVORY,3,1.15,United Kingdom
306768,6332964,Tue Jan 22 14:37:00 IST 2019,464331,SCOTTIE DOG HOT WATER BOTTLE,9,6.84,United Kingdom
298074,6353963,Sat Feb 02 06:35:00 IST 2019,486675,REGENCY MILK JUG PINK ,12,4.49,United Kingdom
339675,6049725,Mon Jun 25 10:38:00 IST 2018,478464,LANTERN CREAM GAZEBO ,9,6.84,United Kingdom
-1,6244315,Mon Dec 03 11:22:00 IST 2018,1776516,SMALL CHOCOLATES PINK BOWL,3,1.15,United Kingdom
346164,6110357,Wed Aug 15 09:21:00 IST 2018,486549,CLASSIC GLASS COOKIE JAR,-18,5.73,United Kingdom
365883,6297214,Sat Jan 05 09:36:00 IST 2019,463806,PAPER CHAIN KIT 50'S CHRISTMAS ,18,4.08,United Kingdom
280140,6178117,Tue Oct 09 11:20:00 IST 2018,482244,3 PIECE SPACEBOY COOKIE CUTTER SET,432,2.56,United Kingdom
265041,5916834,Tue Feb 20 06:16:00 IST 2018,473571,PLASTERS IN TIN SPACEBOY,72,2.28,Germany
266280,6253698,Sun Dec 09 08:53:00 IST 2018,475209,SPACEBOY LUNCH BOX ,36,2.7,France
269661,6026482,Fri Jun 08 08:54:00 IST 2018,481572,BAKING MOULD TOFFEE CUP CHOCOLATE,9,3.52,United Kingdom
-1,5956423,Sun Apr 01 10:29:00 IST 2018,442680,SET/20 RED RETROSPOT PAPER NAPKINS ,3,3.4,United Kingdom
367689,6272112,Wed Dec 19 11:26:00 IST 2018,477372,3D VINTAGE CHRISTMAS STICKERS ,54,1.73,United Kingdom
266805,5933906,Wed Feb 28 11:58:00 IST 2018,1777860,WHITE STITCHED WALL CLOCK,60,1.73,Germany
303765,6041882,Tue Jun 19 08:38:00 IST 2018,465129,FELTCRAFT 6 FLOWER FRIENDS,3,2.9,United Kingdom
-1,6115164,Sun Aug 19 13:12:00 IST 2018,466599,LOVEBIRD HANGING DECORATION WHITE ,15,2.25,United Kingdom
267918,6005307,Sun May 20 08:05:00 IST 2018,469455,CHARLOTTE BAG SUKI DESIGN,60,1.18,Portugal
-1,5971966,Sun Apr 15 11:12:00 IST 2018,464268,PING! MICROWAVE PLATE,3,4.55,United Kingdom
347529,6274862,Sat Dec 22 10:37:00 IST 2018,435099,WOODLAND CHARLOTTE BAG,3,1.18,United Kingdom
310170,6060131,Tue Jul 03 10:21:00 IST 2018,444612,PARTY METAL SIGN ,36,2.01,United Kingdom
-1,5955664,Sat Mar 31 13:57:00 IST 2018,999411,SCOTTIES CHILDRENS APRON,3,2.25,United Kingdom
332976,6222315,Sat Nov 17 13:44:00 IST 2018,786408,CERAMIC CAKE DESIGN SPOTTED MUG,15,2.06,United Kingdom
377265,6313153,Mon Jan 14 05:31:00 IST 2019,434259,EDWARDIAN PARASOL RED,3,8.22,United Kingdom
372981,6322547,Sat Jan 19 06:23:00 IST 2019,485730,MISTLETOE HEART WREATH GREEN,18,5.73,United Kingdom
302673,5923599,Fri Feb 23 09:37:00 IST 2018,433965,RED RETROSPOT PURSE ,6,4.08,United Kingdom
300006,6045347,Sat Jun 23 04:16:00 IST 2018,466389,WOOD STAMP SET HAPPY BIRTHDAY,36,2.28,United Kingdom
263445,6025690,Wed Jun 06 08:04:00 IST 2018,1781157,DANISH ROSE DECORATIVE PLATE,18,2.9,Spain
321531,5915888,Mon Feb 19 09:23:00 IST 2018,999180,TEA TIME DES TEA COSY,9,3.52,United Kingdom
-1,6286588,Sat Dec 29 11:27:00 IST 2018,473571,PLASTERS IN TIN SPACEBOY,3,4.55,United Kingdom
304626,6264764,Sun Dec 16 10:42:00 IST 2018,493374,VINTAGE DOILY DELUXE SEWING KIT ,12,8.22,United Kingdom
-1,6163223,Sat Sep 29 06:20:00 IST 2018,434931,JUMBO BAG TOYS ,3,5.7,United Kingdom
306726,6189139,Sat Oct 20 09:11:00 IST 2018,459900,"KEY FOB , SHED",3,0.9,United Kingdom
308364,5923467,Fri Feb 23 08:44:00 IST 2018,470043,LUNCH BAG SUKI  DESIGN ,3,2.28,United Kingdom
311010,6211876,Fri Nov 09 07:02:00 IST 2018,467796,WASH BAG VINTAGE ROSE PAISLEY,9,3.52,United Kingdom
345723,6092636,Tue Jul 31 10:45:00 IST 2018,464898,BAKING SET 9 PIECE RETROSPOT ,9,6.84,United Kingdom
283332,6174652,Sun Oct 07 10:25:00 IST 2018,489153,SET OF 12 FAIRY CAKE BAKING CASES,24,1.15,Switzerland
296205,6052013,Tue Jun 26 13:58:00 IST 2018,470883,REGENCY CAKESTAND 3 TIER,6,17.6,United Kingdom
327726,5984913,Sun Apr 29 11:51:00 IST 2018,477330,ALARM CLOCK BAKELIKE IVORY,12,5.18,United Kingdom
318150,6204715,Sat Nov 03 11:05:00 IST 2018,441546,SPACE OWL,30,1.73,United Kingdom
350952,6355514,Sat Feb 02 11:57:00 IST 2019,490560,SET 8 CANDLES VINTAGE DOILY,9,2.7,United Kingdom
-1,6304507,Tue Jan 08 13:15:00 IST 2019,486822,TOILET SIGN OCCUPIED OR VACANT,6,3.4,United Kingdom
328524,6139155,Fri Sep 07 10:54:00 IST 2018,1783971,SET OF 4 PISTACHIO LOVEBIRD COASTER,3,1.1,United Kingdom
-1,6367284,Wed Feb 06 12:14:00 IST 2019,1771938,SET OF 3 HEART COOKIE CUTTERS,3,3.4,United Kingdom
277389,6061154,Sun Jul 08 07:04:00 IST 2018,462945,SPACEBOY GIFT WRAP,75,0.58,United Kingdom
325773,6129321,Wed Aug 29 07:49:00 IST 2018,472605,MEMO BOARD COTTAGE DESIGN,12,6.84,United Kingdom
305067,6053212,Wed Jun 27 11:31:00 IST 2018,1777860,PINK STITCHED WALL CLOCK,3,5.18,United Kingdom
274701,5944092,Tue Mar 20 12:41:00 IST 2018,475104,IVORY KITCHEN SCALES,6,11.73,United Kingdom
-1,6313890,Mon Jan 14 07:18:00 IST 2019,474726,check,3,0.0,United Kingdom
330099,6216419,Tue Nov 13 08:41:00 IST 2018,475986,RECIPE BOX PANTRY YELLOW DESIGN,6,4.08,United Kingdom
368508,5900301,Mon Feb 12 06:24:00 IST 2018,473613,PLASTERS IN TIN SKULLS,-72,2.28,United Kingdom
374661,6394674,Tue Feb 19 08:07:00 IST 2019,995841,ASSORTED COLOUR LIZARD SUCTION HOOK,12,0.58,United Kingdom
291102,6154060,Wed Sep 19 09:00:00 IST 2018,454041,VINTAGE UNION JACK BUNTING,12,11.73,United Kingdom
374661,6233887,Mon Nov 26 08:14:00 IST 2018,474495,GINGHAM HEART DECORATION,6,1.18,United Kingdom
-1,6150793,Mon Sep 17 12:33:00 IST 2018,459207,PINK UNION JACK  LUGGAGE TAG,3,1.15,United Kingdom
331506,6297489,Sat Jan 05 10:10:00 IST 2019,490434,6 GIFT TAGS 50'S CHRISTMAS ,36,1.15,United Kingdom
287574,6185795,Tue Oct 16 08:14:00 IST 2018,434196,RED RETROSPOT BOWL,216,1.47,United Kingdom
291900,6105836,Sun Aug 12 08:11:00 IST 2018,481278,HERB MARKER PARSLEY,36,0.9,United Kingdom
264873,6281715,Tue Dec 25 10:59:00 IST 2018,489447,SET OF 60 PANTRY DESIGN CAKE CASES ,72,0.76,Germany
341082,6140585,Sat Sep 08 10:41:00 IST 2018,1012074,DOORMAT HEARTS,6,10.98,United Kingdom
313131,6149110,Sun Sep 16 08:50:00 IST 2018,1786386,CREAM SWEETHEART MINI CHEST,6,17.6,EIRE
-1,6144754,Tue Sep 11 11:56:00 IST 2018,433986,ECONOMY HOLIDAY PURSE,3,3.4,United Kingdom
353850,5946237,Sat Mar 24 07:09:00 IST 2018,1788633,SET/6 FROG PRINCE T-LIGHT CANDLES,72,1.18,United Kingdom
-1,6244403,Mon Dec 03 11:43:00 IST 2018,474789,PENS ASSORTED SPACEBALL,3,2.25,United Kingdom
368550,6045270,Fri Jun 22 11:19:00 IST 2018,998886,TEA TIME PARTY BUNTING,6,6.84,United Kingdom
361137,6330577,Tue Jan 22 06:32:00 IST 2019,475167,MINT KITCHEN SCALES,24,11.73,United Kingdom
-1,6074574,Wed Jul 18 12:01:00 IST 2018,468993,RETROSPOT PARTY BAG + STICKER SET,12,4.55,United Kingdom
270921,6303088,Tue Jan 08 08:26:00 IST 2019,482853,SET OF 4 PANTRY JELLY MOULDS,6,1.47,United Kingdom
-1,6044775,Wed Jun 20 11:44:00 IST 2018,477036,CARD CIRCUS PARADE,3,1.15,United Kingdom
350805,6250156,Fri Dec 07 10:44:00 IST 2018,492198, RED SPOT GIFT BAG LARGE,72,1.73,United Kingdom
-1,6130564,Sat Sep 01 05:41:00 IST 2018,488292,VINTAGE RED ENAMEL TRIM JUG ,3,10.3,United Kingdom
304437,5981448,Wed Apr 25 11:20:00 IST 2018,787500,TEA TIME TEAPOT IN GIFT BOX,-3,13.74,United Kingdom
297738,6380297,Tue Feb 12 08:01:00 IST 2019,488082,TREASURE TIN BUFFALO BILL ,9,2.88,United Kingdom
346983,6393376,Tue Feb 19 05:06:00 IST 2019,487242,JUMBO BAG VINTAGE LEAF,90,2.88,United Kingdom
323022,6236736,Wed Nov 28 05:27:00 IST 2018,485562,PARTY CHARMS 50 PIECES,72,1.15,United Kingdom
316071,6345328,Mon Jan 28 11:38:00 IST 2019,482832,REVOLVER WOODEN RULER ,9,2.7,United Kingdom
267015,6209929,Tue Nov 06 11:22:00 IST 2018,435099,WOODLAND CHARLOTTE BAG,30,1.18,Sweden
-1,6276512,Sun Dec 23 07:37:00 IST 2018,478905,BLUE DRAWER KNOB ACRYLIC EDWARDIAN,9,3.4,United Kingdom
285831,6229135,Fri Nov 23 10:51:00 IST 2018,448371,CINAMMON & ORANGE WREATH,3,9.32,United Kingdom
267708,6326287,Sun Jan 20 10:22:00 IST 2019,444402,TOXIC AREA  DOOR HANGER ,6,0.54,United Kingdom
350406,5934225,Fri Mar 02 10:41:00 IST 2018,467754,FELTCRAFT DOLL EMILY,3,4.08,United Kingdom
300006,6045347,Sat Jun 23 04:16:00 IST 2018,465801,SNOWSTORM PHOTO FRAME FRIDGE MAGNET,36,1.18,United Kingdom
275856,5919309,Tue Feb 20 11:34:00 IST 2018,480165,HAND WARMER OWL DESIGN,-3,2.9,United Kingdom
296016,6371156,Sat Feb 09 11:54:00 IST 2019,748608,VINTAGE BEAD PINK PURSE ,6,2.25,United Kingdom
-1,6168558,Tue Oct 02 05:30:00 IST 2018,471870,HEART OF WICKER LARGE,3,8.0,United Kingdom
296016,6339729,Sat Jan 26 11:27:00 IST 2019,476637,GREEN REGENCY TEACUP AND SAUCER,6,8.0,United Kingdom
284991,6261365,Fri Dec 14 08:30:00 IST 2018,488040,SET OF 4 KNICK KNACK TINS DOILY ,9,5.73,United Kingdom
325269,6345900,Tue Jan 29 04:53:00 IST 2019,473781,WOODEN SCHOOL COLOURING SET,108,2.28,United Kingdom
297591,6219367,Wed Nov 14 12:43:00 IST 2018,478107,TRIPLE PHOTO FRAME CORNICE ,6,13.74,United Kingdom
382284,6258901,Tue Dec 11 12:44:00 IST 2018,492219,HAND WARMER RED LOVE HEART,6,2.9,United Kingdom
339654,6176830,Tue Oct 09 05:21:00 IST 2018,470883,REGENCY CAKESTAND 3 TIER,48,15.12,United Kingdom
-1,6124833,Sun Aug 26 10:57:00 IST 2018,487305,CHARLOTTE BAG VINTAGE ALPHABET ,21,3.4,United Kingdom
275751,6258956,Tue Dec 11 13:16:00 IST 2018,452739,STRAWBERRY LUNCH BOX WITH CUTLERY,18,3.52,United Kingdom
339570,6118189,Tue Aug 21 08:40:00 IST 2018,484764,RABBIT NIGHT LIGHT,18,2.88,United Kingdom
315966,5979930,Tue Apr 24 12:01:00 IST 2018,450366,12 RED ROSE PEG PLACE SETTINGS,6,1.73,United Kingdom
359037,6198302,Sun Oct 28 11:54:00 IST 2018,488334,CHILDRENS CUTLERY DOLLY GIRL ,6,5.73,Spain
-1,6393409,Tue Feb 19 05:28:00 IST 2019,1788759,GREEN BITTY LIGHT CHAIN,3,3.4,United Kingdom
308742,6381485,Tue Feb 12 15:33:00 IST 2019,1764609,RED WOOLLY HOTTIE WHITE HEART.,3,5.87,United Kingdom
268275,6358902,Sun Feb 03 12:33:00 IST 2019,-1,POSTAGE,3,20.7,Netherlands
-1,6359639,Mon Feb 04 07:11:00 IST 2019,444801,PLEASE ONE PERSON METAL SIGN,21,5.7,United Kingdom
374661,5987421,Tue May 01 10:19:00 IST 2018,482895,TRAVEL CARD WALLET SUKI,3,0.58,United Kingdom
341124,6081746,Tue Jul 24 06:18:00 IST 2018,477183,SET OF 6 HERB TINS SKETCHBOOK,24,5.46,United Kingdom
-1,6393618,Tue Feb 19 06:53:00 IST 2019,458052,GARLAND WITH HEARTS AND BELLS,3,13.75,United Kingdom
-1,6244337,Mon Dec 03 11:24:00 IST 2018,480648,NUMBER TILE VINTAGE FONT 9 ,3,5.7,United Kingdom
-1,5937250,Sun Mar 04 11:40:00 IST 2018,434217,PINK POLKADOT BOWL,6,3.47,United Kingdom
336210,6035733,Fri Jun 15 07:37:00 IST 2018,468237,HEART IVORY TRELLIS SMALL,6,1.73,United Kingdom
270396,6104318,Wed Aug 08 09:34:00 IST 2018,461475,PACK OF 60 DINOSAUR CAKE CASES,72,0.76,Belgium
-1,5933774,Wed Feb 28 10:41:00 IST 2018,438207,PINK ROSE FABRIC MIRROR,3,3.47,United Kingdom
356916,6330313,Mon Jan 21 12:43:00 IST 2019,474957,BAKING SET SPACEBOY DESIGN,45,6.84,United Kingdom
315819,6075663,Sat Jul 21 06:38:00 IST 2018,481971,60 CAKE CASES DOLLY GIRL DESIGN,6,0.76,United Kingdom
267687,5998531,Sun May 13 10:53:00 IST 2018,456645,GAOLERS KEYS DECORATIVE GARDEN ,12,5.18,United Kingdom
-1,6334625,Wed Jan 23 09:06:00 IST 2019,482181,JAM MAKING SET PRINTED,21,4.55,United Kingdom
-1,6367163,Wed Feb 06 11:23:00 IST 2019,480186,HAND WARMER SCOTTY DOG DESIGN,3,5.7,United Kingdom
370314,6190712,Sun Oct 21 10:18:00 IST 2018,1783971,SET OF 4 PISTACHIO LOVEBIRD COASTER,18,1.1,United Kingdom
380625,5987344,Tue May 01 09:47:00 IST 2018,460194,BLUE HARMONICA IN BOX ,6,1.73,United Kingdom
-1,5955631,Sat Mar 31 13:44:00 IST 2018,840021,WHITE BAMBOO RIBS LAMPSHADE,3,2.25,United Kingdom
259854,6339795,Sat Jan 26 11:37:00 IST 2019,457548,KIDS RAIN MAC BLUE,72,1.18,Austria
-1,5946061,Sat Mar 24 05:43:00 IST 2018,453999,4 VANILLA BOTANICAL CANDLES,15,3.47,United Kingdom
352611,6332986,Tue Jan 22 15:12:00 IST 2019,490476,LOVE HOT WATER BOTTLE,3,8.22,United Kingdom
344631,6352731,Fri Feb 01 09:23:00 IST 2019,482286,GINGERBREAD MAN COOKIE CUTTER,6,1.73,United Kingdom
311682,6303220,Tue Jan 08 08:37:00 IST 2019,485457,POPPY FIELDS CHOPPING BOARD,9,6.84,United Kingdom
294651,6295014,Wed Jan 02 12:48:00 IST 2019,488145,SET OF 3 REGENCY CAKE TINS,6,6.84,United Kingdom
-1,6255876,Mon Dec 10 12:13:00 IST 2018,466662,CAKE PLATE LOVEBIRD WHITE,3,13.75,United Kingdom
-1,6156623,Sat Sep 22 12:21:00 IST 2018,490119,EGG FRYING PAN BLUE ,6,2.88,United Kingdom
-1,6055500,Sat Jun 30 11:26:00 IST 2018,999054,ENGLISH ROSE SCENTED HANGING FLOWER,3,3.4,United Kingdom
275058,6114196,Sun Aug 19 08:36:00 IST 2018,487851,WRAP DOILEY DESIGN,75,0.58,United Kingdom
351645,6067633,Sun Jul 15 07:34:00 IST 2018,444675,GIN + TONIC DIET METAL SIGN,12,3.52,United Kingdom
304542,6261519,Fri Dec 14 10:56:00 IST 2018,461517,PACK OF 60 PINK PAISLEY CAKE CASES,6,0.76,United Kingdom
311388,6103449,Wed Aug 08 06:16:00 IST 2018,475125,RED KITCHEN SCALES,36,10.56,United Kingdom
307944,6321986,Fri Jan 18 10:56:00 IST 2019,1781556,ZINC METAL HEART DECORATION,36,1.73,United Kingdom
-1,6128232,Tue Aug 28 12:31:00 IST 2018,435204,RED RETROSPOT CHARLOTTE BAG,6,2.25,United Kingdom
-1,5902512,Mon Feb 12 13:06:00 IST 2018,1734873,"METAL SIGN,CUPCAKE SINGLE HOOK",3,3.47,United Kingdom
379449,5953882,Fri Mar 30 11:50:00 IST 2018,1765050,PINK HEART SHAPE EGG FRYING PAN,12,2.28,United Kingdom
380562,6347638,Tue Jan 29 10:29:00 IST 2019,455910,FOLDING UMBRELLA PINKWHITE POLKADOT,3,6.84,United Kingdom
273378,6154005,Wed Sep 19 08:34:00 IST 2018,462609,SPACEBOY BIRTHDAY CARD,36,0.58,United Kingdom
-1,5997387,Sat May 12 12:59:00 IST 2018,1783950,ASSORTED COLOUR T-LIGHT HOLDER,18,1.91,United Kingdom
-1,6178161,Tue Oct 09 11:36:00 IST 2018,1894389,GREEN ENAMEL+GLASS HAIR COMB,3,2.86,United Kingdom
-1,6192263,Mon Oct 22 12:51:00 IST 2018,465738,VICTORIAN GLASS HANGING T-LIGHT,18,3.4,United Kingdom
-1,6347858,Tue Jan 29 11:17:00 IST 2019,477057,CARD DOG AND BALL ,3,1.15,United Kingdom
281505,5963606,Mon Apr 09 05:27:00 IST 2018,470946,ENAMEL WASH BOWL CREAM,24,5.18,United Kingdom
292068,6075652,Sat Jul 21 06:24:00 IST 2018,1779855,COLOUR GLASS T-LIGHT HOLDER HANGING,48,0.9,United Kingdom
344862,6096981,Sat Aug 04 09:06:00 IST 2018,463890,PAPER BUNTING RETROSPOT,480,3.52,United Kingdom
374661,6198918,Mon Oct 29 07:48:00 IST 2018,434028,DISCO BALL CHRISTMAS DECORATION,144,0.17,United Kingdom
259287,6182352,Sun Oct 14 04:48:00 IST 2018,470883,REGENCY CAKESTAND 3 TIER,9,17.6,Iceland
352044,6217277,Tue Nov 13 12:46:00 IST 2018,456834,HOME BUILDING BLOCK WORD,6,8.63,United Kingdom
284991,6301438,Mon Jan 07 08:36:00 IST 2019,444801,PLEASE ONE PERSON METAL SIGN,12,2.9,United Kingdom
264600,6201536,Wed Oct 31 07:23:00 IST 2018,435246,LUNCH BAG WOODLAND,30,2.28,Germany
354900,6271397,Wed Dec 19 09:17:00 IST 2018,473718,CLOTHES PEGS RETROSPOT PACK 24 ,9,2.28,United Kingdom
375018,6138825,Wed Sep 05 13:07:00 IST 2018,464499,PEACE WOODEN BLOCK LETTERS,6,9.6,United Kingdom
268086,5946006,Fri Mar 23 11:56:00 IST 2018,-1,POSTAGE,9,38.64,Portugal
363090,6361377,Mon Feb 04 11:53:00 IST 2019,492828,TUSCAN VILLA BIRD TABLE ,6,11.39,United Kingdom
305466,6038824,Sun Jun 17 08:37:00 IST 2018,452004,DOORMAT SPOTTY HOME SWEET HOME,3,10.98,United Kingdom
-1,5914051,Fri Feb 18 11:32:00 IST 2028,471765,HANGING METAL STAR LANTERN,3,4.64,United Kingdom
276528,5963232,Sun Apr 08 09:55:00 IST 2018,475377,PIGGY BANK RETROSPOT ,12,3.52,United Kingdom
262290,6132379,Sat Sep 01 10:58:00 IST 2018,468321,COFFEE MUG CAT + BIRD DESIGN,18,3.52,France
-1,5919947,Wed Feb 21 05:51:00 IST 2018,472416,SET OF 2 ROUND TINS DUTCH CHEESE,3,8.16,United Kingdom
277872,6104263,Wed Aug 08 09:26:00 IST 2018,478779,SWEETHEART WIRE FRUIT BOWL,3,11.73,United Kingdom
350973,6040408,Mon Jun 18 10:25:00 IST 2018,1772526,CREAM CUPID HEARTS COAT HANGER,9,5.73,United Kingdom
357567,6122325,Sat Aug 25 09:44:00 IST 2018,474348,CARD HOLDER GINGHAM HEART,9,3.99,United Kingdom
380478,6069129,Mon Jul 16 06:58:00 IST 2018,459900,"KEY FOB , SHED",3,0.9,United Kingdom
312249,6212217,Fri Nov 09 12:09:00 IST 2018,466011,IVORY DINER WALL CLOCK,3,11.73,United Kingdom
-1,5921839,Wed Feb 21 10:59:00 IST 2018,460656,RED RETROSPOT PICNIC BAG,3,8.16,United Kingdom
-1,6027604,Sat Jun 09 11:45:00 IST 2018,787521,TEA TIME TEA SET IN GIFT BOX,3,8.0,United Kingdom
274701,6072429,Wed Jul 18 04:10:00 IST 2018,471072,WATERING CAN PINK BUNNY,144,2.28,United Kingdom
373149,6320864,Fri Jan 18 07:20:00 IST 2019,484008,SET OF 10 LANTERNS FAIRY LIGHT STAR,9,5.73,United Kingdom
374661,6223426,Sun Nov 18 10:23:00 IST 2018,469476,CHARLOTTE BAG PINK POLKADOT,3,1.18,United Kingdom
263445,6249969,Fri Dec 07 09:39:00 IST 2018,466641,CAKE STAND LOVEBIRD 2 TIER PINK,6,13.74,Spain
379449,6055632,Sat Jun 30 12:31:00 IST 2018,449085,IVORY HANGING DECORATION  HEART,6,1.18,United Kingdom
328524,6139155,Fri Sep 07 10:54:00 IST 2018,445473,PACK OF 72 SKULL CAKE CASES,6,0.76,United Kingdom
351645,5987212,Tue May 01 08:33:00 IST 2018,445452,PACK OF 72 RETROSPOT CAKE CASES,18,0.76,United Kingdom
314391,6303319,Tue Jan 08 09:33:00 IST 2019,475335,CHILDS BREAKFAST SET DOLLY GIRL ,3,13.74,United Kingdom
-1,6217563,Wed Nov 14 05:34:00 IST 2018,489153,SET OF 12 FAIRY CAKE BAKING CASES,3,3.4,United Kingdom
377034,6189480,Sat Oct 20 09:46:00 IST 2018,470757,PACK OF 60 SPACEBOY CAKE CASES,9,0.76,United Kingdom
355551,6295201,Fri Jan 04 08:46:00 IST 2019,492177, 50'S CHRISTMAS GIFT BAG LARGE,18,1.73,United Kingdom
298326,6051837,Tue Jun 26 12:38:00 IST 2018,466137,SMALL POPCORN HOLDER,72,1.18,United Kingdom
-1,6192274,Mon Oct 22 12:56:00 IST 2018,1787079,JUMBO BAG RED RETROSPOT,6,5.7,United Kingdom
303429,6268273,Tue Dec 18 09:29:00 IST 2018,489258,SPOTTY BUNTING,3,6.84,United Kingdom
302421,6387150,Sat Feb 16 09:30:00 IST 2019,463428,BLACK PIRATE TREASURE CHEST,144,0.54,United Kingdom
323631,6188325,Fri Oct 19 08:54:00 IST 2018,470883,REGENCY CAKESTAND 3 TIER,12,17.6,United Kingdom
376152,5927768,Sun Feb 25 12:23:00 IST 2018,466263,MILK PAN RED RETROSPOT,6,5.18,United Kingdom
-1,6025668,Wed Jun 06 08:00:00 IST 2018,486717,TREASURE ISLAND BOOK BOX,3,6.33,United Kingdom
377307,5905493,Wed Feb 14 07:19:00 IST 2018,453306,KINGS CHOICE GIANT TUBE MATCHES,3,3.52,United Kingdom
310716,6206816,Mon Nov 05 06:45:00 IST 2018,477120,SET OF 3 CAKE TINS PANTRY DESIGN ,3,6.84,United Kingdom
313131,6353743,Sat Feb 02 06:02:00 IST 2019,443604,SET/10 BLUE POLKADOT PARTY CANDLES,72,1.73,EIRE
271089,6094924,Fri Aug 03 07:52:00 IST 2018,461685,PACK OF 12 HEARTS DESIGN TISSUES ,72,0.41,United Kingdom
350721,6156260,Sat Sep 22 09:19:00 IST 2018,315756,ASSORTED COLOURS SILK FAN,324,1.15,United Kingdom
375543,6234041,Mon Nov 26 09:37:00 IST 2018,479451,WHITE BROCANTE SOAP DISH,3,4.08,United Kingdom
336693,6156458,Sat Sep 22 10:43:00 IST 2018,470064,LUNCH BAG PINK POLKADOT,6,2.28,United Kingdom
357399,6022335,Mon Jun 04 07:16:00 IST 2018,440433,12 PENCIL SMALL TUBE WOODLAND,18,0.9,United Kingdom
294735,6333184,Wed Jan 23 06:03:00 IST 2019,1732206,3 DRAWER ANTIQUE WHITE WOOD CABINET,12,12.36,United Kingdom
298641,6201030,Tue Oct 30 13:43:00 IST 2018,487788,FILIGREE HEART BIRD WHITE ,72,1.73,United Kingdom
296016,6244216,Mon Dec 03 10:40:00 IST 2018,487683,CHRISTMAS TREE HANGING SILVER ,9,2.25,United Kingdom
296016,6339729,Sat Jan 26 11:27:00 IST 2019,450870,FLOWER VINE RAFFIA FOOD COVER,3,10.3,United Kingdom
-1,6388030,Sat Feb 16 13:28:00 IST 2019,1775928,GIRLS ALPHABET IRON ON PATCHES ,66,0.58,United Kingdom
326151,6330401,Mon Jan 21 13:47:00 IST 2019,459186,UNION JACK FLAG LUGGAGE TAG,9,1.73,United Kingdom
313131,6293397,Wed Jan 02 05:20:00 IST 2019,466515,CAKE STAND WHITE TWO TIER LACE,6,11.73,EIRE
272076,5976102,Fri Apr 20 12:08:00 IST 2018,1772526,CREAM CUPID HEARTS COAT HANGER,3,5.73,United Kingdom
313047,6390329,Sun Feb 17 10:14:00 IST 2019,440370,PINK FLORAL FELTCRAFT SHOULDER BAG,12,5.18,United Kingdom
310716,6072561,Wed Jul 18 06:10:00 IST 2018,445452,PACK OF 72 RETROSPOT CAKE CASES,6,0.76,United Kingdom
-1,6060483,Tue Jul 03 12:17:00 IST 2018,1783866,ANTIQUE SILVER T-LIGHT GLASS,6,3.4,United Kingdom
354963,6332491,Tue Jan 22 11:32:00 IST 2019,452193,RETROSPOT LARGE MILK JUG,3,6.84,United Kingdom
314223,6118178,Tue Aug 21 08:30:00 IST 2018,1732206,WOOD S/3 CABINET ANT WHITE FINISH,3,12.36,United Kingdom
355929,6071527,Tue Jul 17 08:24:00 IST 2018,1785315,SET OF 12  VINTAGE POSTCARD SET,18,3.52,United Kingdom
369369,6156678,Sat Sep 22 13:07:00 IST 2018,487998,SET OF 4 KNICK KNACK TINS LONDON ,9,5.73,United Kingdom
315546,6242335,Sun Dec 02 09:52:00 IST 2018,485751,MISTLETOE HEART WREATH CREAM,6,5.73,United Kingdom
-1,6358737,Sun Feb 03 11:43:00 IST 2019,482937,TRAVEL CARD WALLET UNION JACK,3,1.15,United Kingdom
275877,6212019,Fri Nov 09 08:44:00 IST 2018,489741,SMALL WHITE HEART OF WICKER,30,2.28,United Kingdom
275373,5964508,Mon Apr 09 09:37:00 IST 2018,444444,HOME SWEET HOME METAL SIGN ,15,4.08,United Kingdom
306726,6024172,Tue Jun 05 08:15:00 IST 2018,454944,RIDGED GLASS STORAGE JAR CREAM LID,3,5.18,United Kingdom
374661,6011973,Sat May 26 11:40:00 IST 2018,467334,FELT TOADSTOOL LARGE,6,1.73,United Kingdom
-1,6168492,Mon Oct 01 12:12:00 IST 2018,1528842,ROSE SCENT CANDLE IN JEWELLED BOX,3,11.45,United Kingdom
310149,6017693,Fri Jun 01 09:33:00 IST 2018,473571,PLASTERS IN TIN SPACEBOY,3,2.28,United Kingdom
306747,6295707,Sat Jan 05 06:30:00 IST 2019,1787079,JUMBO BAG RED RETROSPOT,300,2.48,United Kingdom
288876,6346032,Tue Jan 29 06:01:00 IST 2019,470400,MAGNETS PACK OF 4 HOME SWEET HOME,36,0.54,United Kingdom
271320,6358627,Sun Feb 03 11:05:00 IST 2019,475230,DOLLY GIRL LUNCH BOX,3,2.7,United Kingdom
-1,5956676,Sun Apr 01 13:34:00 IST 2018,459900,"KEY FOB , SHED",3,2.25,United Kingdom
382053,6140244,Sat Sep 08 09:58:00 IST 2018,450849,POLKA DOT RAFFIA FOOD COVER,18,5.18,United Kingdom
343119,5996815,Sat May 12 09:41:00 IST 2018,452004,DOORMAT SPOTTY HOME SWEET HOME,3,10.98,United Kingdom
-1,5958645,Tue Apr 03 14:01:00 IST 2018,460173,VINTAGE SEASIDE JIGSAW PUZZLES,6,4.55,United Kingdom
302778,6389141,Sun Feb 17 07:39:00 IST 2019,468846,ROUND SNACK BOXES SET OF4 WOODLAND ,18,4.08,United Kingdom
348978,6325946,Sun Jan 20 09:52:00 IST 2019,483735,DRAWER KNOB CERAMIC IVORY,72,2.01,United Kingdom
262794,6015625,Tue May 29 12:38:00 IST 2018,456834,HOME BUILDING BLOCK WORD,18,8.22,Italy
374031,5958128,Tue Apr 03 07:15:00 IST 2018,457527,RAIN PONCHO RETROSPOT,72,1.18,United Kingdom
351750,6253962,Sun Dec 09 10:31:00 IST 2018,464499,PEACE WOODEN BLOCK LETTERS,3,9.6,United Kingdom
383208,6190052,Sun Oct 21 06:19:00 IST 2018,445557,RED RETROSPOT ROUND CAKE TINS,6,13.74,United Kingdom
354984,6125955,Mon Aug 27 09:05:00 IST 2018,487389,LUNCH BAG DOILEY PATTERN ,3,2.28,United Kingdom
364518,5979017,Mon Apr 23 12:57:00 IST 2018,482517,DOLLY GIRL CHILDRENS EGG CUP,36,1.73,United Kingdom
259287,6182352,Sun Oct 14 04:48:00 IST 2018,489636,RED REFECTORY CLOCK ,36,11.25,Iceland
266322,6106056,Sun Aug 12 09:32:00 IST 2018,485352,PARISIENNE CURIO CABINET,6,10.35,France
295743,6387117,Sat Feb 16 09:14:00 IST 2019,476049,RED BABY BUNTING ,15,4.08,United Kingdom
360780,6048911,Sun Jun 24 12:17:00 IST 2018,461517,PACK OF 60 PINK PAISLEY CAKE CASES,12,0.76,United Kingdom
303366,6041750,Tue Jun 19 08:10:00 IST 2018,487053,BUFFALO BILL TREASURE BOOK BOX,3,3.11,United Kingdom
351288,6017682,Fri Jun 01 09:28:00 IST 2018,784371,ORANGE FLOWER MUG ,12,0.54,United Kingdom
302862,6286522,Sat Dec 29 11:18:00 IST 2018,1774689,SET OF 4 FAIRY CAKE PLACEMATS ,12,5.18,United Kingdom
321531,6200018,Tue Oct 30 06:36:00 IST 2018,1734600,NO SINGING METAL SIGN,12,2.9,United Kingdom
-1,6030497,Mon Jun 11 06:24:00 IST 2018,1892079,,-57,0.0,United Kingdom
-1,6212987,Sun Nov 11 08:02:00 IST 2018,476973,CARD I LOVE LONDON ,3,1.15,United Kingdom
-1,6157987,Sun Sep 23 12:20:00 IST 2018,459186,UNION JACK FLAG LUGGAGE TAG,3,1.15,United Kingdom
-1,5911774,Sat Feb 17 12:57:00 IST 2018,474054,HEART WOODEN CHRISTMAS DECORATION,21,2.3,United Kingdom
-1,5909607,Sat Feb 17 05:58:00 IST 2018,755097,SMALLFOLKART BAUBLE CHRISTMAS DEC,18,2.3,United Kingdom
379575,5925810,Sun Feb 25 06:48:00 IST 2018,1779855,COLOUR GLASS T-LIGHT HOLDER HANGING,48,0.9,United Kingdom
-1,6134084,Sun Sep 02 13:06:00 IST 2018,490224,JUMBO BAG 50'S CHRISTMAS ,6,5.7,United Kingdom
-1,6160990,Tue Sep 25 12:46:00 IST 2018,1071294,"FEATHER PEN,COAL BLACK",3,1.15,United Kingdom
344379,6055159,Sat Jun 30 09:46:00 IST 2018,-1,Manual,54,0.14,United Kingdom
302715,6057007,Sun Jul 01 11:39:00 IST 2018,486822,TOILET SIGN OCCUPIED OR VACANT,18,1.15,United Kingdom
298872,6017638,Fri Jun 01 08:44:00 IST 2018,459270,I CAN ONLY PLEASE ONE PERSON MUG,36,1.73,United Kingdom
317394,6224405,Mon Nov 19 09:30:00 IST 2018,464961,CHRISTMAS CRAFT TREE TOP ANGEL,18,2.9,United Kingdom
278040,6026603,Fri Jun 08 11:33:00 IST 2018,465948,BLACK HEART CARD HOLDER,9,5.46,United Kingdom
304542,5989137,Fri May 04 11:51:00 IST 2018,752010,ENAMEL PINK COFFEE CONTAINER,3,2.9,United Kingdom
278523,6024216,Tue Jun 05 08:53:00 IST 2018,475293,HAND WARMER UNION JACK,3,2.9,United Kingdom
366429,6300261,Sun Jan 06 13:21:00 IST 2019,473046,WHEELBARROW FOR CHILDREN ,3,17.6,United Kingdom
273840,6379373,Tue Feb 12 06:38:00 IST 2019,486465,LARGE CERAMIC TOP STORAGE JAR,36,2.28,United Kingdom
345555,5907330,Wed Feb 14 12:44:00 IST 2018,440391,PINK BLUE FELT CRAFT TRINKET BOX,36,1.73,United Kingdom
321216,6081075,Mon Jul 23 09:18:00 IST 2018,485268,SET OF 10 LED DOLLY LIGHTS,6,8.63,United Kingdom
332598,6267965,Tue Dec 18 07:53:00 IST 2018,999411,PINK FAIRY CAKE CHILDRENS APRON,180,2.28,United Kingdom
302190,6164334,Sat Sep 29 09:35:00 IST 2018,450723,MIRRORED DISCO BALL ,6,8.22,United Kingdom
-1,6393409,Tue Feb 19 05:28:00 IST 2019,463743,PAPER CHAIN KIT RETROSPOT,3,8.0,United Kingdom
328440,6114856,Sun Aug 19 12:04:00 IST 2018,443583,SET/10 IVORY POLKADOT PARTY CANDLES,18,1.73,United Kingdom
355509,6345911,Tue Jan 29 04:54:00 IST 2019,435267,LUNCH BAG  BLACK SKULL.,30,2.28,United Kingdom
355005,5905460,Wed Feb 14 06:43:00 IST 2018,475167,MINT KITCHEN SCALES,3,11.73,United Kingdom
332010,6244590,Mon Dec 03 13:01:00 IST 2018,487179,JUMBO BAG APPLES,-27,2.88,United Kingdom
-1,6079491,Sun Jul 22 11:08:00 IST 2018,478233,GREEN DRAWER KNOB ACRYLIC EDWARDIAN,6,3.4,United Kingdom
272769,6230917,Sat Nov 24 11:43:00 IST 2018,1010898,DOORMAT UNION FLAG,36,9.78,United Kingdom
336693,6321700,Fri Jan 18 09:53:00 IST 2019,489195,SET OF 12 MINI LOAF BAKING CASES,12,1.15,United Kingdom
355488,6124701,Sun Aug 26 09:51:00 IST 2018,483714,DRAWER KNOB CERAMIC BLACK,3,2.01,United Kingdom
308364,6075135,Fri Jul 20 08:58:00 IST 2018,473508,HEADS AND TAILS SPORTING FUN,3,1.73,United Kingdom
-1,6374181,Sun Feb 10 11:08:00 IST 2019,490392,ROLL WRAP 50'S RED CHRISTMAS ,15,3.4,United Kingdom
-1,6343084,Mon Jan 28 06:01:00 IST 2019,469518,KINGS CHOICE TEA CADDY ,6,8.0,United Kingdom
327915,6080844,Mon Jul 23 08:32:00 IST 2018,470883,REGENCY CAKESTAND 3 TIER,3,17.6,United Kingdom
337386,6295069,Fri Jan 04 06:56:00 IST 2019,469980,TOY TIDY SPACEBOY  ,9,2.9,United Kingdom
326319,6383201,Wed Feb 13 09:36:00 IST 2019,474453,CHRISTMAS GINGHAM STAR,36,1.18,United Kingdom
323736,6050176,Tue Jun 26 06:54:00 IST 2018,447846,AGED GLASS SILVER T-LIGHT HOLDER,36,0.9,United Kingdom
287700,6226110,Tue Nov 20 08:05:00 IST 2018,444654,POTTERING IN THE SHED METAL SIGN,6,2.88,United Kingdom
-1,6004867,Sat May 19 13:22:00 IST 2018,479955,FINE WICKER HEART ,12,3.4,United Kingdom
361620,6088577,Sun Jul 29 09:35:00 IST 2018,472521,PICNIC BASKET WICKER LARGE,6,13.74,United Kingdom
345240,6332117,Tue Jan 22 10:16:00 IST 2019,481089,SET OF 20 VINTAGE CHRISTMAS NAPKINS,18,1.18,United Kingdom
353094,6065235,Tue Jul 10 07:38:00 IST 2018,1732164,WOOD BLACK BOARD ANT WHITE FINISH,36,9.32,United Kingdom
-1,6097223,Sat Aug 04 10:19:00 IST 2018,460236,SET 12 RETRO WHITE CHALK STICKS,3,1.1,United Kingdom
-1,5921839,Wed Feb 21 10:59:00 IST 2018,458115,STAR  T-LIGHT HOLDER ,3,4.12,United Kingdom
-1,6376634,Mon Feb 11 10:11:00 IST 2019,491169,SPACEBOY MINI BACKPACK,3,11.45,United Kingdom
-1,6345185,Mon Jan 28 11:10:00 IST 2019,453978,,-6,0.0,United Kingdom
-1,5977224,Sat Apr 21 12:24:00 IST 2018,1011633,DOORMAT BLACK FLOCK ,-3,10.98,United Kingdom
347676,6210952,Wed Nov 07 07:58:00 IST 2018,462588,PENNY FARTHING BIRTHDAY CARD,36,0.58,United Kingdom
287133,6354711,Sat Feb 02 08:11:00 IST 2019,475209,SPACEBOY LUNCH BOX ,3,2.7,United Kingdom
370125,6355140,Sat Feb 02 09:36:00 IST 2019,487137,SKETCHBOOK MAGNETIC SHOPPING LIST,6,2.01,United Kingdom
273021,6072671,Wed Jul 18 06:43:00 IST 2018,461517,PACK OF 60 PINK PAISLEY CAKE CASES,72,0.76,United Kingdom
347781,6275577,Sun Dec 23 05:53:00 IST 2018,474474,CHRISTMAS GINGHAM TREE,36,1.18,United Kingdom
296793,5967170,Wed Apr 11 07:27:00 IST 2018,1784370,HANGING HEART ZINC T-LIGHT HOLDER,36,1.18,United Kingdom
-1,5934412,Sat Mar 03 06:14:00 IST 2018,1787079,JUMBO BAG STRAWBERRY,6,5.81,United Kingdom
-1,5952144,Tue Mar 27 10:29:00 IST 2018,1776516,SMALL MARSHMALLOWS PINK BOWL,15,1.15,United Kingdom
304542,6055665,Sat Jun 30 13:29:00 IST 2018,461706,PACK OF 12 PINK POLKADOT TISSUES,12,0.41,United Kingdom
343308,6184838,Mon Oct 15 11:28:00 IST 2018,481488,YELLOW GIANT GARDEN THERMOMETER,3,8.22,United Kingdom
264264,6002304,Wed May 16 11:15:00 IST 2018,445536,"SET 3 RETROSPOT TEA,COFFEE,SUGAR",12,6.84,Italy
361431,5908518,Fri Feb 16 08:44:00 IST 2018,478695,SWEETHEART RECIPE BOOK STAND,6,9.32,United Kingdom
359919,6230400,Sat Nov 24 09:16:00 IST 2018,486570,REGENCY TEA PLATE ROSES ,36,2.28,United Kingdom
370125,6355140,Sat Feb 02 09:36:00 IST 2019,491904,GINGHAM RECIPE BOOK BOX,6,6.84,United Kingdom
-1,6390813,Sun Feb 17 12:26:00 IST 2019,487452,HEART WREATH DECORATION WITH BELL,6,3.4,United Kingdom
285831,5927955,Mon Feb 26 06:31:00 IST 2018,477561,FUNKY DIVA PEN,144,1.18,United Kingdom
-1,6118673,Tue Aug 21 12:07:00 IST 2018,435267,LUNCH BAG  BLACK SKULL.,3,5.7,United Kingdom
325605,6200238,Tue Oct 30 06:57:00 IST 2018,445536,"SET 3 RETROSPOT TEA,COFFEE,SUGAR",72,5.87,United Kingdom
307356,6013546,Mon May 28 05:52:00 IST 2018,451101,FAWN BLUE HOT WATER BOTTLE,18,4.08,United Kingdom
361998,6357461,Sun Feb 03 08:09:00 IST 2019,482475,SPACEBOY CHILDRENS EGG CUP,6,1.73,United Kingdom
370839,6098081,Sun Aug 05 06:42:00 IST 2018,435855,BLUE PAISLEY POCKET BOOK,36,1.18,United Kingdom
307566,6392925,Mon Feb 18 11:16:00 IST 2019,473529,PICTURE DOMINOES,216,1.73,Netherlands
307566,6303022,Tue Jan 08 08:09:00 IST 2019,490266,SPACEBOY BEAKER,1200,1.5,Netherlands
-1,6268878,Tue Dec 18 12:08:00 IST 2018,461853,FLORAL FOLK STATIONERY SET,6,3.4,United Kingdom
298074,6016868,Wed May 30 08:57:00 IST 2018,477162,SET OF 6 SPICE TINS PANTRY DESIGN,12,5.46,United Kingdom
-1,6152707,Tue Sep 18 12:27:00 IST 2018,460908,SET OF 6 CAKE CHOPSTICKS,3,3.4,United Kingdom
339927,6324483,Sun Jan 20 05:50:00 IST 2019,490224,JUMBO BAG 50'S CHRISTMAS ,30,2.88,United Kingdom
276108,6146349,Fri Sep 14 08:36:00 IST 2018,1638714,BLUE NETTING STORAGE HANGER,3,2.7,United Kingdom
309435,6239629,Sat Dec 01 07:33:00 IST 2018,477267,ALARM CLOCK BAKELIKE RED ,12,5.18,United Kingdom
370713,6313043,Sun Jan 13 11:49:00 IST 2019,493143,HANGING  BUTTERFLY T-LIGHT HOLDER,72,1.73,United Kingdom
-1,6335417,Fri Jan 25 07:50:00 IST 2019,487179,JUMBO BAG APPLES,39,5.7,United Kingdom
-1,6393409,Tue Feb 19 05:28:00 IST 2019,487347,LUNCH BAG ALPHABET DESIGN,3,5.7,United Kingdom
261912,6122358,Sat Aug 25 10:13:00 IST 2018,487305,CHARLOTTE BAG VINTAGE ALPHABET ,30,1.18,Germany
287028,6346648,Tue Jan 29 07:51:00 IST 2019,465213,ANGEL DECORATION STARS ON DRESS,-63,0.58,United Kingdom
363615,6330665,Tue Jan 22 06:41:00 IST 2019,486570,REGENCY TEA PLATE ROSES ,72,2.28,United Kingdom
276696,6297808,Sat Jan 05 11:43:00 IST 2019,443625,SET 6 FOOTBALL CELEBRATION CANDLES,3,1.73,United Kingdom
357903,6124712,Sun Aug 26 09:52:00 IST 2018,451689,COWBOYS AND INDIANS BIRTHDAY CARD ,36,0.58,United Kingdom
355845,6349002,Wed Jan 30 07:39:00 IST 2019,440412,PINK CREAM FELT CRAFT TRINKET BOX ,36,1.73,United Kingdom
-1,6249474,Wed Dec 05 13:02:00 IST 2018,458031,HANGING HEART WITH BELL,3,1.15,United Kingdom
359919,6311393,Sun Jan 13 05:56:00 IST 2019,466137,POPCORN HOLDER,144,1.18,United Kingdom
352905,5927383,Sun Feb 25 09:35:00 IST 2018,474999,SET OF 6 SOLDIER SKITTLES,3,5.18,United Kingdom
373359,6165907,Sun Sep 30 08:19:00 IST 2018,474495,GINGHAM HEART DECORATION,45,1.18,United Kingdom
324513,6283519,Wed Dec 26 10:04:00 IST 2018,493122,PEARLISED IVORY HEART LARGE ,6,2.28,United Kingdom
383292,6292638,Tue Jan 01 08:43:00 IST 2019,1788423,WHITE BAROQUE WALL CLOCK ,3,17.6,United Kingdom
303576,6331413,Tue Jan 22 07:55:00 IST 2019,465906,RED STAR CARD HOLDER,6,2.7,United Kingdom
272370,6383355,Wed Feb 13 10:26:00 IST 2019,443625,SET 6 FOOTBALL CELEBRATION CANDLES,3,1.73,United Kingdom
-1,6324450,Sun Jan 20 05:29:00 IST 2019,490686,SET 12 COLOURING PENCILS DOILY,3,1.73,United Kingdom
-1,6147185,Sat Sep 15 07:58:00 IST 2018,445536,"SET 3 RETROSPOT TEA,COFFEE,SUGAR",3,14.9,United Kingdom
295176,6184959,Mon Oct 15 12:35:00 IST 2018,488145,SET OF 3 REGENCY CAKE TINS,3,6.84,United Kingdom
-1,6396412,Wed Feb 20 06:03:00 IST 2019,982296,WOVEN BERRIES CUSHION COVER ,9,5.7,United Kingdom
313131,6350905,Wed Jan 30 11:53:00 IST 2019,484743,SET 6 PAPER TABLE LANTERN STARS ,18,5.18,EIRE
306243,6385159,Fri Feb 15 08:32:00 IST 2019,435225,LUNCH BAG RED RETROSPOT,3,2.28,United Kingdom
-1,5955642,Sat Mar 31 13:48:00 IST 2018,435204,RED RETROSPOT CHARLOTTE BAG,9,2.25,United Kingdom
-1,6306146,Wed Jan 09 10:38:00 IST 2019,451185,RETROSPOT HEART HOT WATER BOTTLE,6,6.84,Switzerland
-1,6350938,Wed Jan 30 11:59:00 IST 2019,492135,3 RAFFIA RIBBONS VINTAGE CHRISTMAS,24,1.15,United Kingdom
298011,6179844,Wed Oct 10 10:40:00 IST 2018,464415,METAL SIGN EMPIRE TEA,36,1.1,United Kingdom
325374,6192208,Mon Oct 22 11:29:00 IST 2018,465129,FELTCRAFT 6 FLOWER FRIENDS,18,2.9,United Kingdom
271887,6117375,Tue Aug 21 06:20:00 IST 2018,464919,RETROSPOT TEA SET CERAMIC 11 PC ,9,6.84,United Kingdom
312795,6091129,Tue Jul 31 05:23:00 IST 2018,478695,SWEETHEART RECIPE BOOK STAND,6,9.32,United Kingdom
307440,6161980,Wed Sep 26 07:38:00 IST 2018,484722,SET 6 PAPER TABLE LANTERN HEARTS ,36,5.18,United Kingdom
341082,6323878,Sat Jan 19 11:07:00 IST 2019,492219,HAND WARMER RED LOVE HEART,24,2.9,United Kingdom
334908,6302153,Tue Jan 08 04:35:00 IST 2019,464898,BAKING SET 9 PIECE RETROSPOT ,9,6.84,United Kingdom
-1,5921839,Wed Feb 21 10:59:00 IST 2018,479871,SET 20 NAPKINS FAIRY CAKES DESIGN ,6,2.3,United Kingdom
354942,6196861,Sat Oct 27 10:17:00 IST 2018,439194,SET/5 RED RETROSPOT LID GLASS BOWLS,3,4.08,United Kingdom
344778,6225252,Tue Nov 20 06:35:00 IST 2018,456855,LOVE BUILDING BLOCK WORD,12,8.63,United Kingdom
326193,6238936,Fri Nov 30 09:40:00 IST 2018,482769,SET 2 PANTRY DESIGN TEA TOWELS,3,4.49,United Kingdom
323631,6260474,Wed Dec 12 10:07:00 IST 2018,491295,BELLE JARDINIERE CUSHION COVER,12,5.18,United Kingdom
382830,6034721,Wed Jun 13 07:31:00 IST 2018,444675,GIN + TONIC DIET METAL SIGN,36,3.52,United Kingdom
365001,6380286,Tue Feb 12 07:59:00 IST 2019,457590,VINTAGE SNAP CARDS,648,1.0,United Kingdom
302715,5927339,Sun Feb 25 09:31:00 IST 2018,471765,HANGING METAL STAR LANTERN,18,2.28,United Kingdom
315861,6135657,Mon Sep 03 12:16:00 IST 2018,488082,TREASURE TIN BUFFALO BILL ,3,2.88,United Kingdom
-1,6149605,Sun Sep 16 13:09:00 IST 2018,487158,PANTRY MAGNETIC  SHOPPING LIST,3,4.55,United Kingdom
315714,6059185,Tue Jul 03 06:52:00 IST 2018,477309,ALARM CLOCK BAKELIKE ORANGE,6,5.18,United Kingdom
303639,6152421,Tue Sep 18 09:35:00 IST 2018,481971,60 CAKE CASES DOLLY GIRL DESIGN,72,0.76,United Kingdom
333207,6104604,Wed Aug 08 11:57:00 IST 2018,1011864,DOORMAT ENGLISH ROSE ,3,10.98,United Kingdom
313131,5906725,Wed Feb 14 10:04:00 IST 2018,467166,"GARLAND, MAGIC GARDEN 1.8M",36,2.7,EIRE
-1,5934412,Sat Mar 03 06:14:00 IST 2018,478128,FAMILY PHOTO FRAME CORNICE,3,28.13,United Kingdom
306726,6099401,Sun Aug 05 09:50:00 IST 2018,459711,TRADITIONAL WOODEN SKIPPING ROPE,3,2.01,United Kingdom
288456,6024238,Tue Jun 05 09:04:00 IST 2018,479808,BREAD BIN DINER STYLE PINK,3,23.4,United Kingdom
-1,6042784,Wed Jun 20 07:08:00 IST 2018,458325,,-42,0.0,United Kingdom
375081,6331721,Tue Jan 22 08:46:00 IST 2019,451395,SKULLS AND CROSSBONES WRAP,75,0.58,United Kingdom
308007,6251575,Sat Dec 08 09:57:00 IST 2018,489321,GARDENERS KNEELING PAD KEEP CALM ,21,2.28,United Kingdom
278628,6356559,Sun Feb 03 07:34:00 IST 2019,466137,POPCORN HOLDER,27,1.18,United Kingdom
324513,6319247,Wed Jan 16 08:21:00 IST 2019,474558,CHRISTMAS MUSICAL ZINC TREE,30,0.41,United Kingdom
-1,5933796,Wed Feb 28 10:49:00 IST 2018,474012,ROCKING HORSE GREEN CHRISTMAS ,3,2.3,United Kingdom
369180,5969887,Sat Apr 14 10:07:00 IST 2018,467481,FELT EGG COSY WHITE RABBIT ,6,1.18,United Kingdom
350406,5976366,Sat Apr 21 07:56:00 IST 2018,477918,LARGE PURPLE BABUSHKA NOTEBOOK  ,3,1.73,United Kingdom
377685,6347616,Tue Jan 29 10:24:00 IST 2019,454251,HIPPY CHIC DECORATIVE PARASOL,3,17.6,United Kingdom
-1,6006077,Sun May 20 11:34:00 IST 2018,999390,PINK HAPPY BIRTHDAY BUNTING,3,14.9,United Kingdom
-1,5955664,Sat Mar 31 13:57:00 IST 2018,1892436,FRUIT SALAD BAG CHARM,3,3.4,United Kingdom
276255,5911070,Sat Feb 17 08:44:00 IST 2018,473718,CLOTHES PEGS RETROSPOT PACK 24 ,3,2.06,United Kingdom
-1,6027604,Sat Jun 09 11:45:00 IST 2018,466788,BUNNY WOODEN PAINTED WITH BIRD ,12,2.25,United Kingdom
343560,6386952,Sat Feb 16 08:16:00 IST 2019,463743,PAPER CHAIN KIT RETROSPOT,3,4.08,United Kingdom
316281,6389603,Sun Feb 17 08:06:00 IST 2019,468888,ROUND SNACK BOXES SET OF 4 FRUITS ,72,4.08,United Kingdom
326487,5967720,Wed Apr 11 08:21:00 IST 2018,472668,DOORSTOP RETROSPOT HEART,6,5.18,United Kingdom
374661,6050066,Tue Jun 26 06:10:00 IST 2018,452718,SKULL LUNCH BOX WITH CUTLERY ,6,3.52,United Kingdom
-1,6168492,Mon Oct 01 12:12:00 IST 2018,472563,CABIN BAG VINTAGE PAISLEY,3,22.95,United Kingdom
322896,6066841,Fri Jul 13 09:45:00 IST 2018,464814,MINI LADLE LOVE HEART RED ,21,0.58,United Kingdom
259539,6281374,Tue Dec 25 08:47:00 IST 2018,491694,ZINC BOX SIGN HOME,9,13.74,Cyprus
-1,6291241,Mon Dec 31 12:59:00 IST 2018,444465,BEWARE OF THE CAT METAL SIGN ,6,5.7,United Kingdom
293013,6383905,Wed Feb 13 12:04:00 IST 2019,999579,PINK PARTY BAGS,36,2.9,United Kingdom
364098,6358451,Sun Feb 03 10:23:00 IST 2019,475839,LUNCH BOX I LOVE LONDON,9,2.7,United Kingdom
380142,6261805,Sat Dec 15 07:01:00 IST 2018,494235,BICYCLE SAFTEY WALL ART,216,5.36,United Kingdom
308616,5902281,Mon Feb 12 11:37:00 IST 2018,1529136,SET/3 CHRISTMAS DECOUPAGE CANDLES,36,1.73,United Kingdom
-1,5914051,Fri Feb 18 11:32:00 IST 2028,464247,PIZZA PLATE IN BOX,3,10.52,United Kingdom
296016,6339729,Sat Jan 26 11:27:00 IST 2019,473571,PLASTERS IN TIN SPACEBOY,6,4.55,United Kingdom
283248,6163971,Sat Sep 29 07:58:00 IST 2018,488229,VINTAGE RED ENAMEL TRIM PLATE,36,2.28,United Kingdom
302190,6350333,Wed Jan 30 09:02:00 IST 2019,470106,JUMBO BAG PINK POLKADOT,30,2.88,United Kingdom
267708,6359705,Mon Feb 04 07:32:00 IST 2019,481740,FELTCRAFT CHRISTMAS FAIRY,3,5.87,United Kingdom
363153,6328575,Mon Jan 21 09:46:00 IST 2019,486948,VINTAGE  2 METRE FOLDING RULER,3,2.28,United Kingdom
362082,6206002,Sun Nov 04 10:55:00 IST 2018,1771875,SET OF 20 KIDS COOKIE CUTTERS,72,2.9,United Kingdom
-1,6393409,Tue Feb 19 05:28:00 IST 2019,483105,TRAVEL CARD WALLET I LOVE LONDON,6,1.15,United Kingdom
-1,6288854,Sun Dec 30 13:00:00 IST 2018,471219,6 ROCKET BALLOONS ,12,1.73,United Kingdom
373443,6039517,Mon Jun 18 06:07:00 IST 2018,461727,PACK OF 6 SKULL PAPER CUPS,18,0.9,United Kingdom
350070,5999510,Mon May 14 08:18:00 IST 2018,1787079,JUMBO BAG RED RETROSPOT,30,2.7,United Kingdom
286230,5995627,Fri May 11 08:49:00 IST 2018,466704,WHITE LOVEBIRD LANTERN,18,4.08,United Kingdom
-1,5935545,Sat Mar 03 09:43:00 IST 2018,1783173,MINT GREEN ROSE TOWEL,3,4.64,United Kingdom
365862,6121346,Fri Aug 24 09:22:00 IST 2018,488775,SET OF 3 HANGING OWLS OLLIE BEAK,36,1.73,United Kingdom
264243,6095474,Sat Aug 04 05:48:00 IST 2018,440643,12 PENCILS TALL TUBE RED RETROSPOT,36,1.18,France
-1,6377547,Mon Feb 11 11:13:00 IST 2019,463617,6 RIBBONS RUSTIC CHARM,3,5.7,United Kingdom
315105,6281341,Tue Dec 25 08:30:00 IST 2018,491253,HOME SWEET HOME CUSHION COVER ,6,5.18,United Kingdom
299817,6081086,Mon Jul 23 09:20:00 IST 2018,479598,3 TIER CAKE TIN RED AND CREAM,6,20.64,France
-1,6381265,Tue Feb 12 12:22:00 IST 2019,486969,SET OF 12 FORK CANDLES,9,8.0,United Kingdom
-1,6079282,Sun Jul 22 11:04:00 IST 2018,1764609,KNITTED UNION FLAG HOT WATER BOTTLE,3,11.45,United Kingdom
-1,6393409,Tue Feb 19 05:28:00 IST 2019,442218,PARTY INVITES WOODLAND,3,2.25,United Kingdom
338436,6082450,Tue Jul 24 08:01:00 IST 2018,457590,VINTAGE SNAP CARDS,36,1.18,United Kingdom
-1,6372267,Sun Feb 10 07:23:00 IST 2019,488145,SET OF 3 REGENCY CAKE TINS,3,14.9,United Kingdom
367689,6271969,Wed Dec 19 10:27:00 IST 2018,475734,DELUXE SEWING KIT ,9,8.22,United Kingdom
-1,5933983,Wed Feb 28 13:08:00 IST 2018,1771287,ROTATING SILVER ANGELS T-LIGHT HLDR,36,6.99,United Kingdom
288876,6183320,Sun Oct 14 13:04:00 IST 2018,998886,PARTY BUNTING,24,6.84,United Kingdom
267834,6004295,Sat May 19 09:38:00 IST 2018,446460,FIRST AID TIN,3,4.49,Japan
260715,6165401,Sun Sep 30 06:51:00 IST 2018,487326,LUNCH BAG APPLE DESIGN,3,2.28,Australia
275877,6226198,Tue Nov 20 08:42:00 IST 2018,455112,WHITE SPOT RED CERAMIC DRAWER KNOB,6,2.01,United Kingdom
-1,6087257,Sat Jul 28 12:33:00 IST 2018,480333,NUMBER TILE COTTAGE GARDEN 5,3,5.7,United Kingdom
315441,6150199,Mon Sep 17 07:52:00 IST 2018,466893,JIGSAW RABBIT AND BIRDHOUSE,6,0.82,United Kingdom
-1,6304507,Tue Jan 08 13:15:00 IST 2019,471744,HANGING METAL HEART LANTERN,3,4.55,United Kingdom
305613,6321623,Fri Jan 18 09:32:00 IST 2019,463806,PAPER CHAIN KIT 50'S CHRISTMAS ,3,4.08,United Kingdom
-1,6234657,Tue Nov 27 06:31:00 IST 2018,1788150,LADIES & GENTLEMEN METAL SIGN,9,6.85,United Kingdom
298074,6249782,Fri Dec 07 08:32:00 IST 2018,487368,LUNCH BAG VINTAGE LEAF DESIGN,30,2.28,United Kingdom
-1,5955631,Sat Mar 31 13:44:00 IST 2018,455658,MOCK LOBSTER FRIDGE MAGNET,6,2.25,United Kingdom
279111,6151200,Tue Sep 18 06:36:00 IST 2018,482244,3 PIECE SPACEBOY COOKIE CUTTER SET,3,2.9,United Kingdom
277158,5923753,Sat Feb 24 05:29:00 IST 2018,1787856,RED SHARK HELICOPTER,6,10.98,United Kingdom
321048,5918737,Tue Feb 20 09:59:00 IST 2018,481698,CUPCAKE LACE PAPER SET 6,6,2.7,United Kingdom
273084,5966070,Tue Apr 10 09:23:00 IST 2018,461517,PACK OF 60 PINK PAISLEY CAKE CASES,72,0.76,United Kingdom
316638,6202207,Wed Oct 31 09:03:00 IST 2018,470064,LUNCH BAG PINK POLKADOT,30,2.28,United Kingdom
336105,6368384,Fri Feb 08 09:41:00 IST 2019,469980,TOY TIDY SPACEBOY  ,3,2.9,United Kingdom
313131,5939824,Tue Mar 06 10:58:00 IST 2018,42,CARRIAGE,3,69.0,EIRE
-1,5950945,Tue Mar 27 05:30:00 IST 2018,748671,VINTAGE BEAD PINK SCARF ,3,4.55,United Kingdom
296835,6324087,Sat Jan 19 12:30:00 IST 2019,1665741,CHILLI LIGHTS,144,6.84,United Kingdom
350364,6171605,Fri Oct 05 09:14:00 IST 2018,489447,SET OF 60 PANTRY DESIGN CAKE CASES ,1440,0.58,United Kingdom
267204,6130245,Fri Aug 31 09:37:00 IST 2018,435288,LUNCH BAG CARS BLUE,30,2.28,France
305802,6159791,Tue Sep 25 07:30:00 IST 2018,484722,SET 6 PAPER TABLE LANTERN HEARTS ,72,5.18,United Kingdom
355929,6388558,Sun Feb 17 07:07:00 IST 2019,479178,CARD CHRISTMAS VILLAGE,36,0.58,United Kingdom
-1,6079722,Sun Jul 22 12:00:00 IST 2018,470043,LUNCH BAG SUKI DESIGN ,3,5.7,United Kingdom
304563,6390021,Sun Feb 17 09:30:00 IST 2019,484890,VINTAGE GLASS T-LIGHT HOLDER,36,1.15,United Kingdom
-1,6045446,Sat Jun 23 06:00:00 IST 2018,1778532,BOX OF 24 COCKTAIL PARASOLS,39,2.25,United Kingdom
-1,5902512,Mon Feb 12 13:06:00 IST 2018,480795,SET OF 2 TEA TOWELS APPLE AND PEARS,15,8.16,United Kingdom
355110,6387040,Sat Feb 16 08:51:00 IST 2019,1776516,SMALL CHOCOLATES PINK BOWL,6,0.58,United Kingdom
315483,6304518,Tue Jan 08 13:22:00 IST 2019,1011633,DOORMAT BLACK FLOCK ,3,11.39,United Kingdom
-1,6074552,Wed Jul 18 11:54:00 IST 2018,436170,ABSTRACT CIRCLE JOURNAL ,6,3.4,United Kingdom
361158,5918616,Tue Feb 20 09:34:00 IST 2018,472122,BLUE TEA TOWEL CLASSIC DESIGN,36,1.73,United Kingdom
-1,6055214,Sat Jun 30 09:58:00 IST 2018,460614,SKULL SHOULDER BAG,3,4.55,United Kingdom
274869,6023358,Tue Jun 05 06:38:00 IST 2018,451668,VINTAGE KID DOLLY CARD ,36,0.58,United Kingdom
320691,5918704,Tue Feb 20 09:47:00 IST 2018,459921,"KEY FOB , BACK DOOR ",18,0.9,United Kingdom
318150,6112018,Sat Aug 18 08:51:00 IST 2018,446649,ANTIQUE CREAM CUTLERY SHELF ,6,11.73,United Kingdom
338541,6074959,Fri Jul 20 07:52:00 IST 2018,1787079,JUMBO BAG RED RETROSPOT,12,2.88,United Kingdom
370314,6190712,Sun Oct 21 10:18:00 IST 2018,460005,MORE BUTTER METAL SIGN ,15,1.1,United Kingdom
260568,6041783,Tue Jun 19 08:20:00 IST 2018,477225,ALARM CLOCK BAKELIKE CHOCOLATE,-3,5.18,Belgium
-1,6019739,Sun Jun 03 05:27:00 IST 2018,1528779,IVORY PILLAR CANDLE SILVER FLOCK,12,4.55,United Kingdom
272097,6257548,Tue Dec 11 08:00:00 IST 2018,482811,GIRAFFE WOODEN RULER,36,2.7,United Kingdom
282828,5902182,Mon Feb 12 11:08:00 IST 2018,453789,SET 12 LAVENDER  BOTANICAL T-LIGHTS,18,4.08,United Kingdom
-1,6132522,Sat Sep 01 11:32:00 IST 2018,1784811,60 TEATIME FAIRY CAKE CASES,6,1.73,United Kingdom
331989,6027615,Sat Jun 09 11:47:00 IST 2018,482769,SET 2 PANTRY DESIGN TEA TOWELS,18,4.49,United Kingdom
-1,5919947,Wed Feb 21 05:51:00 IST 2018,1894221,RED ENAMEL FLOWER RING,3,4.09,United Kingdom
268695,6353798,Sat Feb 02 06:27:00 IST 2019,471030,ENAMEL WATERING CAN CREAM,12,6.84,Portugal
352044,6389163,Sun Feb 17 07:41:00 IST 2019,470064,LUNCH BAG PINK POLKADOT,3,2.28,United Kingdom
310716,6173145,Sat Oct 06 09:57:00 IST 2018,477834,SMALL RED BABUSHKA NOTEBOOK ,9,1.18,United Kingdom
-1,6088841,Sun Jul 29 11:09:00 IST 2018,-1,SAMPLES,-3,21.39,United Kingdom
-1,6286588,Sat Dec 29 11:27:00 IST 2018,462567,TEA PARTY BIRTHDAY CARD,6,1.15,United Kingdom
-1,6055170,Sat Jun 30 09:49:00 IST 2018,466095,LARGE HEART MEASURING SPOONS,3,4.55,United Kingdom
267708,6360904,Mon Feb 04 09:27:00 IST 2019,489006,BLUE VINTAGE SPOT BEAKER,3,1.18,United Kingdom
296016,6244216,Mon Dec 03 10:40:00 IST 2018,471849,HEART OF WICKER SMALL,6,2.25,United Kingdom
316533,6375028,Mon Feb 11 06:44:00 IST 2019,1785294,BLACK/BLUE POLKADOT UMBRELLA,9,8.22,United Kingdom
268527,6105033,Sun Aug 12 05:36:00 IST 2018,463617,6 RIBBONS RUSTIC CHARM,36,2.28,Netherlands
351309,6260155,Wed Dec 12 08:35:00 IST 2018,1788339,"WHITE TEA,COFFEE,SUGAR JARS",3,2.7,United Kingdom
265734,6314781,Mon Jan 14 10:57:00 IST 2019,470883,REGENCY CAKESTAND 3 TIER,3,17.6,Germany
374661,6361179,Mon Feb 04 10:07:00 IST 2019,462861,"RECORD FRAME 7"" SINGLE SIZE ",3,3.52,United Kingdom
328440,6114856,Sun Aug 19 12:04:00 IST 2018,484575,PARLOUR CERAMIC WALL HOOK,12,5.73,United Kingdom
363615,6032917,Tue Jun 12 06:53:00 IST 2018,481614,BAKING MOULD EASTER EGG WHITE CHOC,144,3.52,United Kingdom
354585,6363665,Tue Feb 05 09:40:00 IST 2019,454482,ASSORTED TUTTI FRUTTI PEN,6,0.41,United Kingdom
299817,6363951,Tue Feb 05 11:01:00 IST 2019,478905,BLUE DRAWER KNOB ACRYLIC EDWARDIAN,36,1.73,France
-1,6367284,Wed Feb 06 12:14:00 IST 2019,446145,GREEN POLKADOT PLATE ,6,4.55,United Kingdom
-1,6015801,Tue May 29 14:18:00 IST 2018,467964,HEN HOUSE DECORATION,3,4.55,United Kingdom
-1,6077654,Sat Jul 21 12:30:00 IST 2018,786366,MINI CAKE STAND WITH HANGING CAKES,3,4.55,United Kingdom
-1,6117188,Mon Aug 20 13:59:00 IST 2018,476574,WICKER STAR ,3,5.7,United Kingdom
313131,6136592,Tue Sep 04 08:42:00 IST 2018,475965,RECIPE BOX BLUE SKETCHBOOK DESIGN,18,4.08,EIRE
324324,6378735,Mon Feb 11 13:37:00 IST 2019,476679,ROSES REGENCY TEACUP AND SAUCER ,6,4.08,United Kingdom
-1,6218333,Wed Nov 14 08:17:00 IST 2018,1771875,SET OF 20 KIDS COOKIE CUTTERS,6,2.9,Unspecified
377265,6227034,Wed Nov 21 06:42:00 IST 2018,476679,ROSES REGENCY TEACUP AND SAUCER ,3,4.08,United Kingdom
320691,6297225,Sat Jan 05 09:37:00 IST 2019,755181,FOLKART ZINC HEART CHRISTMAS DEC,3,1.18,United Kingdom
365127,6351521,Fri Feb 01 07:00:00 IST 2019,443541,SET/10 RED POLKADOT PARTY CANDLES,6,1.73,United Kingdom
279510,6088544,Sun Jul 29 09:26:00 IST 2018,999390,BLUE HAPPY BIRTHDAY BUNTING,9,7.53,United Kingdom
-1,6342787,Sun Jan 27 12:57:00 IST 2019,483273,GLASS APOTHECARY BOTTLE TONIC,3,11.45,United Kingdom
306327,6079205,Sun Jul 22 10:22:00 IST 2018,486570,REGENCY TEA PLATE ROSES ,6,2.28,United Kingdom
275814,6118013,Tue Aug 21 07:37:00 IST 2018,478884,CANDLEHOLDER PINK HANGING HEART,18,4.08,United Kingdom
273168,5958491,Tue Apr 03 10:24:00 IST 2018,1527561,GRAND CHOCOLATECANDLE,27,2.01,United Kingdom
309876,6365425,Tue Feb 05 14:13:00 IST 2019,484764,RABBIT NIGHT LIGHT,18,2.88,United Kingdom
329133,5953926,Fri Mar 30 12:25:00 IST 2018,461685,PACK OF 12 HEARTS DESIGN TISSUES ,36,0.41,United Kingdom
361620,6297324,Sat Jan 05 09:50:00 IST 2019,466137,POPCORN HOLDER,30,1.18,United Kingdom
-1,6156623,Sat Sep 22 12:21:00 IST 2018,455931,FOLDING UMBRELLA WHITE/RED POLKADOT,3,4.55,United Kingdom
383397,6262938,Sat Dec 15 10:53:00 IST 2018,491169,SPACEBOY MINI BACKPACK,12,5.73,United Kingdom
285894,6229058,Fri Nov 23 10:05:00 IST 2018,1011927,DOORMAT NEW ENGLAND,6,11.39,United Kingdom
300258,5987267,Tue May 01 08:48:00 IST 2018,476658,PINK REGENCY TEACUP AND SAUCER,36,3.52,United Kingdom
265041,6288238,Sun Dec 30 08:48:00 IST 2018,440391,PINK BLUE FELT CRAFT TRINKET BOX,36,1.73,Germany
295071,6261497,Fri Dec 14 10:37:00 IST 2018,316176,EDWARDIAN PARASOL NATURAL,72,8.22,United Kingdom
-1,6390813,Sun Feb 17 12:26:00 IST 2019,471849,HEART OF WICKER SMALL,3,4.55,United Kingdom
363615,6018177,Sat Jun 02 07:34:00 IST 2018,482328,ROSE COTTAGE KEEPSAKE BOX ,3,13.74,United Kingdom
310800,6171242,Fri Oct 05 06:24:00 IST 2018,471051,WATERING CAN BLUE ELEPHANT,15,2.7,United Kingdom
262857,6187907,Wed Oct 17 11:02:00 IST 2018,488103,SET OF TEA COFFEE SUGAR TINS PANTRY,12,6.84,Germany
307566,6140882,Sun Sep 09 04:45:00 IST 2018,476952,CARD DOLLY GIRL ,216,0.5,Netherlands
274449,6074981,Fri Jul 20 08:00:00 IST 2018,475146,BLACK KITCHEN SCALES,3,11.73,United Kingdom
382683,6099742,Sun Aug 05 13:12:00 IST 2018,480732,SET OF SALT AND PEPPER TOADSTOOLS,-15,1.73,United Kingdom
354984,6332007,Tue Jan 22 09:46:00 IST 2019,475272,HAND WARMER RED RETROSPOT,9,2.9,United Kingdom
-1,6358737,Sun Feb 03 11:43:00 IST 2019,472143,RED GINGHAM TEDDY BEAR ,3,8.0,United Kingdom
262542,5973605,Tue Apr 17 06:41:00 IST 2018,466095,LARGE HEART MEASURING SPOONS,36,2.28,Spain
259623,6046557,Sat Jun 23 09:29:00 IST 2018,461433,SET OF 36 MUSHROOM PAPER DOILIES,36,2.01,Unspecified
-1,6144754,Tue Sep 11 11:56:00 IST 2018,477246,ALARM CLOCK BAKELIKE GREEN,3,10.3,United Kingdom
368634,6161166,Tue Sep 25 16:01:00 IST 2018,336945,POPART WOODEN PENCILS ASST,300,0.06,United Kingdom
381276,5908463,Fri Feb 16 08:29:00 IST 2018,465129,FELTCRAFT 6 FLOWER FRIENDS,3,2.9,United Kingdom
-1,6002865,Sat May 19 06:13:00 IST 2018,482181,JAM MAKING SET PRINTED,3,4.55,United Kingdom
-1,6358737,Sun Feb 03 11:43:00 IST 2019,486465,LARGE CERAMIC TOP STORAGE JAR,3,4.55,United Kingdom
-1,6173354,Sat Oct 06 13:00:00 IST 2018,473907,20 DOLLY PEGS RETROSPOT,3,4.03,United Kingdom
269934,5963155,Sun Apr 08 09:35:00 IST 2018,482181,JAM MAKING SET PRINTED,18,2.01,United Kingdom
-1,6144754,Tue Sep 11 11:56:00 IST 2018,468615,200 RED + WHITE BENDY STRAWS,18,1.73,United Kingdom
307566,6303022,Tue Jan 08 08:09:00 IST 2019,473718,CLOTHES PEGS RETROSPOT PACK 24 ,144,2.01,Netherlands
287805,6163124,Sat Sep 29 05:15:00 IST 2018,478905,BLUE DRAWER KNOB ACRYLIC EDWARDIAN,36,1.73,United Kingdom
-1,5973000,Mon Apr 16 08:17:00 IST 2018,441693,JUMBO BAG CHARLIE AND LOLA TOYS,3,7.43,United Kingdom
286839,5960273,Fri Apr 06 08:08:00 IST 2018,478884,CANDLEHOLDER PINK HANGING HEART,6,4.08,United Kingdom
327915,6144930,Tue Sep 11 14:07:00 IST 2018,998886,PARTY BUNTING,24,6.84,United Kingdom
369096,6381441,Tue Feb 12 14:12:00 IST 2019,1786008,15CM CHRISTMAS GLASS BALL 20 LIGHTS,-3,10.98,United Kingdom
259329,6353699,Sat Feb 02 05:51:00 IST 2019,473613,PLASTERS IN TIN SKULLS,36,2.28,Italy
283941,6385720,Fri Feb 15 10:55:00 IST 2019,489195,SET OF 12 MINI LOAF BAKING CASES,3,1.15,United Kingdom
-1,6345240,Mon Jan 28 11:23:00 IST 2019,470757,PACK OF 60 SPACEBOY CAKE CASES,3,1.73,United Kingdom
-1,6352841,Fri Feb 01 09:58:00 IST 2019,469854,AIRLINE BAG VINTAGE JET SET RED,3,5.7,United Kingdom
374661,6053949,Sat Jun 30 06:41:00 IST 2018,460425,UNION STRIPE CUSHION COVER ,6,1.73,United Kingdom
309540,6103262,Tue Aug 07 14:17:00 IST 2018,486570,REGENCY TEA PLATE ROSES ,36,2.28,United Kingdom
306558,6301537,Mon Jan 07 09:19:00 IST 2019,1789830,CINNAMON SCENTED VOTIVE CANDLE,72,0.41,United Kingdom
347529,6374038,Sun Feb 10 10:38:00 IST 2019,477519,RIBBON REEL CHRISTMAS SOCK BAUBLE,3,2.28,United Kingdom
288624,5989071,Fri May 04 10:08:00 IST 2018,466053,RED DINER WALL CLOCK,3,11.73,United Kingdom
335538,6249111,Wed Dec 05 11:21:00 IST 2018,1784811,60 TEATIME FAIRY CAKE CASES,72,0.76,United Kingdom
371175,5913699,Fri Feb 18 09:22:00 IST 2028,1732164,WOOD BLACK BOARD ANT WHITE FINISH,36,7.66,United Kingdom
268086,5989445,Sat May 05 07:42:00 IST 2018,460026,PHARMACIE FIRST AID TIN,12,9.32,Portugal
336252,6319599,Wed Jan 16 09:25:00 IST 2019,483294,GLASS APOTHECARY BOTTLE ELIXIR,9,5.46,United Kingdom
310800,6249826,Fri Dec 07 08:45:00 IST 2018,490707,SET 12 COLOUR PENCILS SPACEBOY ,12,0.9,United Kingdom
325773,6010037,Wed May 23 07:38:00 IST 2018,470883,REGENCY CAKESTAND 3 TIER,48,15.12,United Kingdom
355614,6284014,Fri Dec 28 08:25:00 IST 2018,470967,ENAMEL FLOWER JUG CREAM,9,8.22,United Kingdom
-1,6192263,Mon Oct 22 12:51:00 IST 2018,464772,RED LOVE HEART SHAPE CUP,3,2.25,United Kingdom
304584,6002667,Fri May 18 10:38:00 IST 2018,459879,"KEY FOB , GARAGE DESIGN",3,0.9,United Kingdom
369201,6147812,Sat Sep 15 11:46:00 IST 2018,784140,MULTICOLOUR SPRING FLOWER MUG,144,0.54,United Kingdom
350973,6354953,Sat Feb 02 08:36:00 IST 2019,461517,PACK OF 60 PINK PAISLEY CAKE CASES,6,0.76,United Kingdom
362712,6020850,Sun Jun 03 08:05:00 IST 2018,460173,VINTAGE SEASIDE JIGSAW PUZZLES,12,5.18,United Kingdom
309435,5991656,Mon May 07 05:41:00 IST 2018,482181,JAM MAKING SET PRINTED,-36,2.01,United Kingdom
315819,5957072,Mon Apr 02 07:15:00 IST 2018,475104,IVORY KITCHEN SCALES,15,11.73,United Kingdom
322833,6084540,Wed Jul 25 08:53:00 IST 2018,482895,TRAVEL CARD WALLET SUKI,9,0.58,United Kingdom
360633,6365502,Wed Feb 06 04:55:00 IST 2019,478695,SWEETHEART RECIPE BOOK STAND,18,8.22,United Kingdom
305802,5978148,Sun Apr 22 10:45:00 IST 2018,463743,PAPER CHAIN KIT RETROSPOT,15,4.08,United Kingdom
-1,6112942,Sat Aug 18 12:06:00 IST 2018,484953,SMALL PARISIENNE HEART PHOTO FRAME ,3,6.85,United Kingdom
364896,6260166,Wed Dec 12 08:36:00 IST 2018,460152,VINTAGE SNAKES & LADDERS,12,5.18,United Kingdom
-1,6324450,Sun Jan 20 05:29:00 IST 2019,488082,TREASURE TIN BUFFALO BILL ,6,2.88,United Kingdom
335727,6160198,Tue Sep 25 08:52:00 IST 2018,468867,ROUND SNACK BOXES SET OF 4 SKULLS,3,4.08,United Kingdom
-1,6088995,Sun Jul 29 11:37:00 IST 2018,470085,JUMBO BAG SPACEBOY DESIGN,3,5.7,United Kingdom
270207,6140607,Sat Sep 08 11:04:00 IST 2018,487116,RETRO LEAVES MAGNETIC NOTEPAD,18,2.01,United Kingdom
297276,6056798,Sun Jul 01 09:09:00 IST 2018,461496,PACK OF 60 MUSHROOM CAKE CASES,72,0.76,EIRE
-1,6090898,Mon Jul 30 12:14:00 IST 2018,736995,RED VICTORIAN FABRIC OVAL BOX,3,1.15,United Kingdom
345723,6092636,Tue Jul 31 10:45:00 IST 2018,480816,PEG BAG APPLES DESIGN,18,3.52,United Kingdom
-1,6375127,Mon Feb 11 07:18:00 IST 2019,435225,LUNCH BAG RED RETROSPOT,42,6.85,United Kingdom
-1,6288843,Sun Dec 30 12:58:00 IST 2018,475923,JUMBO BAG DOLLY GIRL DESIGN,3,5.7,United Kingdom
284004,6213229,Sun Nov 11 08:45:00 IST 2018,492324,Next Day Carriage,3,20.7,United Kingdom
358533,6204660,Sat Nov 03 10:37:00 IST 2018,463470,SMALL RED RETROSPOT MUG IN BOX ,3,5.18,United Kingdom
295848,6284091,Fri Dec 28 09:23:00 IST 2018,478107,TRIPLE PHOTO FRAME CORNICE ,12,11.73,United Kingdom
-1,6266700,Mon Dec 17 11:56:00 IST 2018,1788696,SEWING SUSAN 21 NEEDLE SET,3,2.25,United Kingdom
321531,5909145,Fri Feb 16 09:55:00 IST 2018,451584,SKULLS GREETING CARD,36,0.58,United Kingdom
323841,5973231,Mon Apr 16 10:36:00 IST 2018,1659000,MOROCCAN TEA GLASS,36,1.18,United Kingdom
310170,5958502,Tue Apr 03 11:00:00 IST 2018,470883,REGENCY CAKESTAND 3 TIER,6,17.6,United Kingdom
312858,5979556,Tue Apr 24 08:21:00 IST 2018,457401,MA CAMPAGNE CUTLERY BOX,6,20.64,United Kingdom
-1,5950747,Mon Mar 26 11:01:00 IST 2018,315819,SANDALWOOD FAN,90,2.3,United Kingdom
306012,6014558,Mon May 28 12:38:00 IST 2018,444381,KEEP OUT BOYS DOOR HANGER ,9,2.01,United Kingdom
326109,6083814,Wed Jul 25 07:45:00 IST 2018,473571,PLASTERS IN TIN SPACEBOY,9,2.28,United Kingdom
-1,6275115,Sat Dec 22 12:02:00 IST 2018,457611,VINTAGE HEADS AND TAILS CARD GAME ,6,3.4,United Kingdom
-1,5939538,Tue Mar 06 09:26:00 IST 2018,459438,PACK OF 6 SANDCASTLE FLAGS ASSORTED,3,2.3,United Kingdom
-1,6396412,Wed Feb 20 06:03:00 IST 2019,463365,CHRISTMAS PUDDING TRINKET POT ,6,2.25,United Kingdom
344862,6089314,Mon Jul 30 05:59:00 IST 2018,442806,SET/6 RED SPOTTY PAPER CUPS,648,0.74,United Kingdom
-1,6377140,Mon Feb 11 10:30:00 IST 2019,489699,BOX OF 6 MINI 50'S CRACKERS,3,3.44,United Kingdom
371490,6319390,Wed Jan 16 09:04:00 IST 2019,456876,BATH BUILDING BLOCK WORD,6,8.63,United Kingdom
263445,6249969,Fri Dec 07 09:39:00 IST 2018,-1,POSTAGE,9,38.64,Spain
308721,6040430,Mon Jun 18 11:02:00 IST 2018,482307,SET 3 SONG BIRD PAPER EGGS ASSORTED,9,4.08,United Kingdom
324513,6110907,Fri Aug 17 08:37:00 IST 2018,1784538,HANGING HEART JAR T-LIGHT HOLDER,9,1.73,United Kingdom
282471,6188138,Wed Oct 17 12:43:00 IST 2018,482013,BIRTHDAY PARTY CORDON BARRIER TAPE,9,1.73,United Kingdom
-1,5950747,Mon Mar 26 11:01:00 IST 2018,1789851,CINAMMON SET OF 9 T-LIGHTS,3,2.3,United Kingdom
368886,6381507,Tue Feb 12 15:54:00 IST 2019,441714,REX CASH+CARRY JUMBO SHOPPER,3,1.32,United Kingdom
370692,6164367,Sat Sep 29 10:04:00 IST 2018,471597,NATURAL SLATE HEART CHALKBOARD ,18,4.08,United Kingdom
-1,5940286,Sun Mar 18 09:25:00 IST 2018,464184,MIRROR MOSAIC CANDLE PLATE,3,2.3,United Kingdom
304815,6264192,Sun Dec 16 08:38:00 IST 2018,485121,SILVER STARS TABLE DECORATION,36,1.15,United Kingdom
271320,6358627,Sun Feb 03 11:05:00 IST 2019,448728,MIRRORED WALL ART LADIES,3,1.04,United Kingdom
302946,6159329,Tue Sep 25 06:19:00 IST 2018,462504,RAINY LADIES BIRTHDAY CARD,-36,0.58,United Kingdom
341061,6040089,Mon Jun 18 07:07:00 IST 2018,463785,PAPER CHAIN KIT SKULLS ,3,4.08,United Kingdom
337134,6162805,Fri Sep 28 09:08:00 IST 2018,488040,SET OF 4 KNICK KNACK TINS DOILEY ,18,5.73,United Kingdom
329679,6355877,Sun Feb 03 04:26:00 IST 2019,491253,HOME SWEET HOME CUSHION COVER ,12,5.18,United Kingdom
369390,6358814,Sun Feb 03 12:06:00 IST 2019,447888,BALLOONS  WRITING SET ,3,2.28,United Kingdom
355005,6295377,Fri Jan 04 11:23:00 IST 2019,493311,VINTAGE JINGLE BELLS HEART,6,11.39,United Kingdom
321531,5953376,Wed Mar 28 09:52:00 IST 2018,469476,CHARLOTTE BAG PINK POLKADOT,9,1.18,United Kingdom
330099,6152179,Tue Sep 18 08:22:00 IST 2018,460488,JUMBO BAG SCANDINAVIAN BLUE PAISLEY,18,2.88,United Kingdom
360969,5929825,Mon Feb 26 13:28:00 IST 2018,442806,SET/6 RED SPOTTY PAPER CUPS,3,0.9,United Kingdom
-1,6211106,Wed Nov 07 09:39:00 IST 2018,435183,STRAWBERRY CHARLOTTE BAG,57,3.4,United Kingdom
349713,6257988,Tue Dec 11 09:38:00 IST 2018,473907,20 DOLLY PEGS RETROSPOT,36,2.01,United Kingdom
321531,6287908,Sun Dec 30 07:13:00 IST 2018,456351,RED TOADSTOOL LED NIGHT LIGHT,6,2.28,United Kingdom
-1,5936898,Sun Mar 04 09:06:00 IST 2018,1788570,SET/6 PINK BIRD T-LIGHT CANDLES,3,5.81,United Kingdom
355110,6377151,Mon Feb 11 10:33:00 IST 2019,1785672,ROMANTIC IMAGES GIFT WRAP SET,3,0.9,United Kingdom
-1,6388019,Sat Feb 16 13:24:00 IST 2019,1787583,WHITE HANGING HEART T-LIGHT HOLDER,6,8.0,United Kingdom
267708,5918539,Tue Feb 20 09:21:00 IST 2018,440307,GREY FLORAL FELTCRAFT SHOULDER BAG,3,5.18,United Kingdom
349146,6135459,Mon Sep 03 10:38:00 IST 2018,483672,DRAWER KNOB CRACKLE GLAZE IVORY,18,2.28,United Kingdom
-1,6350938,Wed Jan 30 11:59:00 IST 2019,482874,TRAVEL CARD WALLET RETROSPOT,3,1.15,United Kingdom
333207,6166369,Sun Sep 30 11:13:00 IST 2018,1734222,AREA PATROLLED METAL SIGN,3,2.9,United Kingdom
372099,6184200,Mon Oct 15 08:21:00 IST 2018,477141,SET OF 3 CAKE TINS SKETCHBOOK,9,6.84,United Kingdom
-1,6334625,Wed Jan 23 09:06:00 IST 2019,485121,SILVER STARS TABLE DECORATION,6,3.4,United Kingdom
368991,6293133,Tue Jan 01 11:57:00 IST 2019,489489,SET OF 60 I LOVE LONDON CAKE CASES ,3,0.76,United Kingdom
327621,5987234,Tue May 01 08:42:00 IST 2018,455070,BLUE SPOT CERAMIC DRAWER KNOB,36,1.73,United Kingdom
284991,6185729,Tue Oct 16 07:59:00 IST 2018,468615,200 RED + WHITE BENDY STRAWS,3,1.73,United Kingdom
338793,6059053,Tue Jul 03 05:36:00 IST 2018,467754,FELTCRAFT DOLL EMILY,144,3.52,United Kingdom
263613,6092273,Tue Jul 31 08:29:00 IST 2018,463890,PAPER BUNTING RETROSPOT,18,4.08,France
380457,6338343,Sat Jan 26 08:47:00 IST 2019,440643,12 PENCILS TALL TUBE RED RETROSPOT,6,1.18,United Kingdom
-1,6159054,Mon Sep 24 11:13:00 IST 2018,434952,JUMBO BAG WOODLAND ANIMALS,9,5.7,United Kingdom
265776,6196168,Sat Oct 27 08:53:00 IST 2018,472332,MINI PAINT SET VINTAGE ,108,0.9,France
318339,6116385,Mon Aug 20 08:36:00 IST 2018,1787772,CHARLIE AND LOLA TABLE TINS,36,2.7,United Kingdom
370125,6026460,Fri Jun 08 08:21:00 IST 2018,447909,DINOSAURS  WRITING SET ,6,2.28,United Kingdom
325794,6365337,Tue Feb 05 13:10:00 IST 2019,464982,CHRISTMAS CRAFT WHITE FAIRY ,9,2.01,United Kingdom
347718,6058547,Mon Jul 02 09:35:00 IST 2018,476784,WRAP RED APPLES ,75,0.58,United Kingdom
271341,6017726,Fri Jun 01 09:41:00 IST 2018,445452,PACK OF 72 RETROSPOT CAKE CASES,72,0.76,United Kingdom
287889,6186081,Tue Oct 16 10:30:00 IST 2018,487851,WRAP DOILEY DESIGN,75,0.58,United Kingdom
302715,5927339,Sun Feb 25 09:31:00 IST 2018,450009,RED GINGHAM ROSE JEWELLERY BOX,3,2.28,United Kingdom
-1,6396412,Wed Feb 20 06:03:00 IST 2019,982296,WOVEN CANDY CUSHION COVER ,15,5.7,United Kingdom
330267,5950769,Mon Mar 26 11:06:00 IST 2018,1778532,BOX OF 24 COCKTAIL PARASOLS,150,0.58,United Kingdom
-1,6061132,Sun Jul 08 06:32:00 IST 2018,477267,ALARM CLOCK BAKELIKE RED ,6,11.45,United Kingdom
351309,6120686,Wed Aug 22 09:18:00 IST 2018,477267,ALARM CLOCK BAKELIKE RED ,15,5.18,United Kingdom
280119,6095364,Sat Aug 04 04:31:00 IST 2018,461622,PACK OF 12 SUKI TISSUES ,72,0.41,United Kingdom
326676,6342699,Sun Jan 27 12:08:00 IST 2019,482748,SOLDIERS EGG CUP ,18,1.73,United Kingdom
-1,6056996,Sun Jul 01 11:37:00 IST 2018,357252,ORIGAMI VANILLA INCENSE/CANDLE SET ,3,3.4,United Kingdom
315126,6290999,Mon Dec 31 11:08:00 IST 2018,464058,BOUDOIR SQUARE TISSUE BOX,3,0.54,United Kingdom
289107,6035403,Wed Jun 13 12:18:00 IST 2018,470883,REGENCY CAKESTAND 3 TIER,18,17.6,United Kingdom
-1,6115175,Sun Aug 19 13:13:00 IST 2018,315819,SANDALWOOD FAN,3,2.25,United Kingdom
306453,6350267,Wed Jan 30 08:48:00 IST 2019,458178,GLITTER HEART DECORATION,6,0.54,United Kingdom
-1,5952144,Tue Mar 27 10:29:00 IST 2018,1771476,POMPOM CURTAIN,9,8.0,United Kingdom
-1,5994208,Tue May 08 14:07:00 IST 2018,751989,ENAMEL PINK TEA CONTAINER,6,5.7,United Kingdom
294651,6252136,Sat Dec 08 13:20:00 IST 2018,1782459,ASSORTED COLOUR BIRD ORNAMENT,480,2.01,United Kingdom
373695,6017550,Fri Jun 01 08:02:00 IST 2018,461685,PACK OF 12 HEARTS DESIGN TISSUES ,36,0.41,United Kingdom
-1,6140640,Sat Sep 08 11:27:00 IST 2018,490224,JUMBO BAG 50'S CHRISTMAS ,3,5.7,United Kingdom
291921,6147482,Sat Sep 15 08:25:00 IST 2018,1776516,SMALL MARSHMALLOWS PINK BOWL,48,0.58,United Kingdom
-1,6371057,Sat Feb 09 11:31:00 IST 2019,465738,VICTORIAN GLASS HANGING T-LIGHT,9,3.4,United Kingdom
308910,6277183,Sun Dec 23 09:49:00 IST 2018,485856,IVORY WIRE SWEETHEART LETTER TRAY,3,5.18,United Kingdom
307671,6083055,Tue Jul 24 12:29:00 IST 2018,1783446,FLOWERS TILE COASTER,6,1.73,United Kingdom
264537,6306982,Fri Jan 11 09:06:00 IST 2019,478296,SWEETHEART 3 TIER CAKE STAND ,3,13.74,Spain
259644,6307411,Fri Jan 11 11:43:00 IST 2019,461769,PACK OF 20 SKULL PAPER NAPKINS,36,1.18,Belgium
-1,6168492,Mon Oct 01 12:12:00 IST 2018,467628,DECORATION SITTING BUNNY,3,0.87,United Kingdom
-1,6213207,Sun Nov 11 08:40:00 IST 2018,489300,GARDENERS KNEELING PAD CUP OF TEA ,6,4.55,United Kingdom
367731,6243710,Mon Dec 03 07:30:00 IST 2018,481047,PACK OF 20 NAPKINS PANTRY DESIGN,288,1.0,United Kingdom
265125,5961615,Sat Apr 07 09:27:00 IST 2018,480963,CALENDAR FAMILY FAVOURITES,18,4.08,Germany
-1,6309435,Sat Jan 12 10:41:00 IST 2019,457842,CHRISTMAS TREE HEART DECORATION,363,0.58,United Kingdom
360843,6323152,Sat Jan 19 07:29:00 IST 2019,464394,HOT WATER BOTTLE TEA AND SYMPATHY,72,5.18,United Kingdom
288015,5923368,Fri Feb 23 08:41:00 IST 2018,473802,MONSTERS STENCIL CRAFT,18,1.73,United Kingdom
309099,6121962,Sat Aug 25 08:52:00 IST 2018,472227,WHITE WOOD GARDEN PLANT LADDER,3,13.74,United Kingdom
275814,6234679,Tue Nov 27 06:35:00 IST 2018,1528842,VANILLA SCENT CANDLE JEWELLED BOX,18,5.87,United Kingdom
-1,5943916,Tue Mar 20 11:12:00 IST 2018,442680,SET/20 RED RETROSPOT PAPER NAPKINS ,3,3.47,United Kingdom
-1,6258439,Tue Dec 11 11:13:00 IST 2018,457989,CHRISTMAS HANGING TREE WITH BELL,6,1.15,United Kingdom
274701,5907374,Wed Feb 14 13:20:00 IST 2018,466137,SMALL POPCORN HOLDER,72,1.18,United Kingdom
284991,6261365,Fri Dec 14 08:30:00 IST 2018,490749,SET 36 COLOUR PENCILS LOVE LONDON,3,1.73,United Kingdom
374661,6223426,Sun Nov 18 10:23:00 IST 2018,471975,SKULL DESIGN TV DINNER TRAY,6,6.84,United Kingdom
356223,6111105,Fri Aug 17 09:48:00 IST 2018,1786239,FRENCH ENAMEL WATER BASIN,12,5.18,United Kingdom
-1,6317278,Tue Jan 15 11:56:00 IST 2019,1787751,BEADED CRYSTAL HEART GREEN ON STICK,3,1.15,United Kingdom
316281,6372124,Sun Feb 10 06:52:00 IST 2019,481992,60 CAKE CASES VINTAGE CHRISTMAS,504,0.76,United Kingdom
-1,6225109,Mon Nov 19 12:48:00 IST 2018,472332,MINI PAINT SET VINTAGE ,6,2.25,United Kingdom
292383,6285543,Sat Dec 29 08:33:00 IST 2018,462609,SPACEBOY BIRTHDAY CARD,36,0.58,United Kingdom
-1,6134084,Sun Sep 02 13:06:00 IST 2018,435393,GOLD MINI TAPE MEASURE ,3,1.15,United Kingdom
307566,6392925,Mon Feb 18 11:16:00 IST 2019,471954,SPACEBOY TV DINNER TRAY,96,2.7,Netherlands
-1,6361817,Tue Feb 05 05:26:00 IST 2019,463449,BROWN  PIRATE TREASURE CHEST ,3,4.55,United Kingdom
288456,6385797,Fri Feb 15 11:19:00 IST 2019,466788,BUNNY WOODEN PAINTED WITH BIRD ,6,0.54,United Kingdom
317793,6185124,Tue Oct 16 06:44:00 IST 2018,487431,RED ROCKING HORSE HAND PAINTED,72,1.73,United Kingdom
358575,5991106,Sun May 06 08:06:00 IST 2018,454146,VINTAGE UNION JACK PENNANT,60,2.7,United Kingdom
267708,5920277,Wed Feb 21 07:33:00 IST 2018,358911,VANILLA INCENSE IN TIN,6,1.73,United Kingdom
356643,5960438,Fri Apr 06 11:34:00 IST 2018,1769187,FAWN AND MUSHROOM GREETING CARD,72,0.58,United Kingdom
-1,5960130,Wed Apr 04 13:09:00 IST 2018,460215,RED  HARMONICA IN BOX ,3,3.4,United Kingdom
-1,6258439,Tue Dec 11 11:13:00 IST 2018,459711,TRADITIONAL WOODEN SKIPPING ROPE,9,3.4,United Kingdom
295176,6093307,Wed Aug 01 06:33:00 IST 2018,1011864,DOORMAT ENGLISH ROSE ,6,10.98,United Kingdom
292131,5983131,Sat Apr 28 10:13:00 IST 2018,451899,GIN & TONIC DIET GREETING CARD ,36,0.58,United Kingdom
266868,6095507,Sat Aug 04 06:13:00 IST 2018,468888,ROUND SNACK BOXES SET OF 4 FRUITS ,36,4.08,Germany
380478,5976399,Sat Apr 21 08:05:00 IST 2018,479598,3 TIER CAKE TIN RED AND CREAM,6,20.64,United Kingdom
-1,6281671,Tue Dec 25 10:33:00 IST 2018,463596,6 RIBBONS EMPIRE  ,3,3.4,United Kingdom
307629,6386985,Sat Feb 16 08:30:00 IST 2019,488565,SET OF 3 WOODEN TREE DECORATIONS,3,1.73,United Kingdom
-1,5955664,Sat Mar 31 13:57:00 IST 2018,437472,RED FLOCK LOVE HEART PHOTO FRAME,12,1.1,United Kingdom
320355,6264291,Sun Dec 16 08:43:00 IST 2018,477120,SET OF 3 CAKE TINS PANTRY DESIGN ,9,6.84,United Kingdom
313131,6311228,Sun Jan 13 05:24:00 IST 2019,476574,WICKER STAR ,36,2.9,EIRE
347550,6205485,Sun Nov 04 07:12:00 IST 2018,481740,FELTCRAFT CHRISTMAS FAIRY,6,5.87,United Kingdom
-1,5943905,Tue Mar 20 11:11:00 IST 2018,464352,CHOCOLATE HOT WATER BOTTLE,60,8.16,United Kingdom
316428,6297687,Sat Jan 05 10:47:00 IST 2019,481194,BLUE COAT RACK PARIS FASHION,3,6.84,United Kingdom
297339,6158834,Mon Sep 24 08:06:00 IST 2018,1771938,SET OF 3 HEART COOKIE CUTTERS,3,1.73,United Kingdom
345576,5976003,Fri Apr 20 07:29:00 IST 2018,464457,METAL SIGN HER DINNER IS SERVED ,3,4.08,United Kingdom
371091,6362763,Tue Feb 05 08:21:00 IST 2019,477267,ALARM CLOCK BAKELIKE RED ,36,5.18,United Kingdom
274953,5951231,Tue Mar 27 08:03:00 IST 2018,479808,BREAD BIN DINER STYLE PINK,12,20.64,United Kingdom
297969,6392991,Mon Feb 18 11:55:00 IST 2019,451647,ELEPHANT BIRTHDAY CARD ,72,0.58,United Kingdom
-1,6345207,Mon Jan 28 11:16:00 IST 2019,1665741,CHILLI LIGHTS,6,17.2,United Kingdom
-1,5923764,Sat Feb 24 05:35:00 IST 2018,357063,BROCADE RING PURSE ,51,0.6,United Kingdom
325878,6075256,Fri Jul 20 10:09:00 IST 2018,470043,LUNCH BAG SUKI DESIGN ,9,2.28,United Kingdom
299922,6203516,Sat Nov 03 07:03:00 IST 2018,434973,JUMBO BAG OWLS,30,2.88,United Kingdom
357567,6245877,Tue Dec 04 08:23:00 IST 2018,474663,CHRISTMAS RETROSPOT TREE WOOD,18,1.18,United Kingdom
-1,6152707,Tue Sep 18 12:27:00 IST 2018,1764630,ENGLISH ROSE HOT WATER BOTTLE,3,11.45,United Kingdom
-1,5925139,Sat Feb 24 11:03:00 IST 2018,476574,WICKER STAR ,6,2.9,United Kingdom
327621,6093406,Wed Aug 01 06:48:00 IST 2018,485331,PARISIENNE SEWING BOX,3,17.25,United Kingdom
266889,6219840,Fri Nov 16 10:06:00 IST 2018,999390,BLUE HAPPY BIRTHDAY BUNTING,63,7.53,Germany
291984,6314550,Mon Jan 14 09:41:00 IST 2019,445452,PACK OF 72 RETROSPOT CAKE CASES,72,0.76,United Kingdom
333081,6368945,Fri Feb 08 11:59:00 IST 2019,1789284,HANGING WOOD AND FELT FLOWER,18,0.17,United Kingdom
375690,5925172,Sat Feb 24 11:12:00 IST 2018,454944,RIDGED GLASS STORAGE JAR CREAM LID,3,5.18,United Kingdom
-1,5933961,Wed Feb 28 12:59:00 IST 2018,438837,VINTAGE NOTEBOOK PARIS DAYS,3,8.16,United Kingdom
266385,6223811,Mon Nov 19 06:28:00 IST 2018,470106,JUMBO BAG PINK POLKADOT,30,2.88,France
-1,5909640,Sat Feb 17 06:08:00 IST 2018,455763,BAG 125g SWIRLY MARBLES,12,1.18,United Kingdom
359037,5957336,Mon Apr 02 09:32:00 IST 2018,479871,SET 20 NAPKINS FAIRY CAKES DESIGN ,6,1.18,Spain
271845,5993977,Tue May 08 10:15:00 IST 2018,1787079,JUMBO  BAG BAROQUE BLACK WHITE,30,2.7,United Kingdom
335664,5998707,Sun May 13 13:28:00 IST 2018,436065,CHRYSANTHEMUM SKETCHBOOK ,3,5.18,United Kingdom
377286,6156546,Sat Sep 22 11:26:00 IST 2018,471240,BALLOON WATER BOMB PACK OF 35,30,0.58,United Kingdom
333312,6366591,Wed Feb 06 07:54:00 IST 2019,474621,CHRISTMAS RETROSPOT ANGEL WOOD,6,1.18,United Kingdom
-1,6272596,Fri Dec 21 10:45:00 IST 2018,489489,SET OF 60 I LOVE LONDON CAKE CASES ,3,0.76,United Kingdom
-1,5950945,Tue Mar 27 05:30:00 IST 2018,1786491,CHARLIE+LOLA MY ROOM DOOR SIGN,3,1.15,United Kingdom
345954,6358396,Sun Feb 03 10:04:00 IST 2019,474873,PACK OF 20 SPACEBOY NAPKINS,3,1.18,United Kingdom
378399,6290196,Mon Dec 31 08:10:00 IST 2018,998886,TEA TIME PARTY BUNTING,6,6.84,United Kingdom
272769,6263598,Sun Dec 16 06:30:00 IST 2018,481845,CHRISTMAS METAL TAGS ASSORTED ,36,1.18,United Kingdom
-1,6386710,Sat Feb 16 07:48:00 IST 2019,440685,HEART CALCULATOR,3,3.4,United Kingdom
-1,5906802,Wed Feb 14 10:27:00 IST 2018,468867,ROUND SNACK BOXES SET OF 4 SKULLS,3,9.35,United Kingdom
292929,6340917,Sun Jan 27 07:30:00 IST 2019,445536,"SET 3 RETROSPOT TEA,COFFEE,SUGAR",12,6.84,United Kingdom
297276,6375083,Mon Feb 11 06:54:00 IST 2019,490455,HOT WATER BOTTLE KEEP CALM,12,6.84,EIRE
325773,6306520,Fri Jan 11 06:29:00 IST 2019,494739,WOODLAND BUNNIES LOLLY MAKERS,144,2.48,United Kingdom
-1,5911774,Sat Feb 17 12:57:00 IST 2018,447573,GLASS HEART T-LIGHT HOLDER ,3,2.3,United Kingdom
269115,6101194,Mon Aug 06 09:34:00 IST 2018,1784328,SET OF 16 VINTAGE ROSE CUTLERY,6,17.6,Poland
-1,6149605,Sun Sep 16 13:09:00 IST 2018,467733,FELTCRAFT DOLL MOLLY,3,8.0,United Kingdom
-1,6120697,Wed Aug 22 09:23:00 IST 2018,487179,JUMBO BAG APPLES,3,5.7,United Kingdom
293475,6325825,Sun Jan 20 09:19:00 IST 2019,464373,GREY HEART HOT WATER BOTTLE,3,5.87,United Kingdom
-1,5919628,Tue Feb 20 12:26:00 IST 2018,449631,GINGHAM HEART  DOORSTOP RED,3,11.69,United Kingdom
-1,6108025,Mon Aug 13 13:18:00 IST 2018,472374,EMERGENCY FIRST AID TIN ,3,3.4,United Kingdom
-1,6099621,Sun Aug 05 11:52:00 IST 2018,-1,DOTCOM POSTAGE,3,224.49,United Kingdom
286818,6235559,Tue Nov 27 09:20:00 IST 2018,459732,TRADITIONAL WOODEN CATCH CUP GAME ,36,1.73,United Kingdom
351435,6245767,Tue Dec 04 07:49:00 IST 2018,470022,LUNCH BAG SPACEBOY DESIGN ,30,2.28,United Kingdom
374661,6019222,Sat Jun 02 09:38:00 IST 2018,997080,HANGING PHOTO CLIP ROPE LADDER,6,2.28,United Kingdom
315714,5936249,Sun Mar 04 05:47:00 IST 2018,476322,FRENCH BLUE METAL DOOR SIGN 7,60,1.73,United Kingdom
321531,5966499,Tue Apr 10 12:30:00 IST 2018,467502,FELT EGG COSY CHICKEN,21,1.18,United Kingdom
366723,6294409,Wed Jan 02 09:17:00 IST 2019,1734222,AREA PATROLLED METAL SIGN,3,2.9,United Kingdom
366849,6360860,Mon Feb 04 09:15:00 IST 2019,490203,JUMBO BAG VINTAGE CHRISTMAS ,30,2.88,United Kingdom
321531,5962033,Sun Apr 08 07:07:00 IST 2018,460614,SKULL SHOULDER BAG,30,2.28,United Kingdom
298662,6126362,Mon Aug 27 12:42:00 IST 2018,999411,PINK FAIRY CAKE CHILDRENS APRON,24,2.7,United Kingdom
321531,6335109,Wed Jan 23 13:00:00 IST 2019,443877,BLACK RECORD COVER FRAME,216,4.68,United Kingdom
365085,6365733,Wed Feb 06 07:02:00 IST 2019,443289,LARGE CAKE TOWEL CHOCOLATE SPOTS,3,9.32,United Kingdom
295176,5997068,Sat May 12 11:19:00 IST 2018,1011927,DOORMAT NEW ENGLAND,3,10.98,United Kingdom
-1,6261222,Wed Dec 12 13:22:00 IST 2018,470631,JUMBO SHOPPER VINTAGE RED PAISLEY,3,5.7,United Kingdom
329784,6170879,Wed Oct 03 09:20:00 IST 2018,1732122,WOODEN PICTURE FRAME WHITE FINISH,18,3.52,United Kingdom
323736,6050176,Tue Jun 26 06:54:00 IST 2018,449169,IVORY HANGING DECORATION  BIRD,36,1.18,United Kingdom
296016,6387997,Sat Feb 16 13:17:00 IST 2019,478485,SQUARECUSHION COVER PINK UNION JACK,6,22.95,United Kingdom
329784,6170879,Wed Oct 03 09:20:00 IST 2018,487221,JUMBO BAG ALPHABET,24,2.88,United Kingdom
313131,6333008,Tue Jan 22 15:40:00 IST 2019,481824,CHRISTMAS METAL POSTCARD WITH BELLS,216,0.54,EIRE
266322,5906714,Wed Feb 14 09:59:00 IST 2018,460215,RED  HARMONICA IN BOX ,36,1.73,France
262542,6220709,Sat Nov 17 07:52:00 IST 2018,476679,ROSES REGENCY TEACUP AND SAUCER ,18,4.08,Spain
341061,6080459,Mon Jul 23 07:47:00 IST 2018,1787079,JUMBO  BAG BAROQUE BLACK WHITE,3,2.88,United Kingdom
-1,6204957,Sun Nov 04 05:38:00 IST 2018,475335,CHILDS BREAKFAST SET DOLLY GIRL ,18,13.74,Hong Kong
290010,6283420,Wed Dec 26 09:35:00 IST 2018,-1,Manual,-3,827.31,Germany
380436,6055049,Sat Jun 30 09:17:00 IST 2018,1776516,SMALL CHOCOLATES PINK BOWL,3,0.58,United Kingdom
356034,6010741,Sat May 26 04:05:00 IST 2018,453306,KINGS CHOICE GIANT TUBE MATCHES,36,3.52,United Kingdom
333081,6016032,Tue May 29 16:12:00 IST 2018,452823,RED HEART SHAPE LOVE BUCKET ,12,4.08,United Kingdom
355950,6282320,Wed Dec 26 05:06:00 IST 2018,477120,SET OF 3 CAKE TINS PANTRY DESIGN ,9,6.84,United Kingdom
377097,6264830,Sun Dec 16 10:58:00 IST 2018,468321,COFFEE MUG CAT + BIRD DESIGN,3,3.52,United Kingdom
296016,6275368,Sat Dec 22 13:12:00 IST 2018,477267,ALARM CLOCK BAKELIKE RED ,3,10.3,United Kingdom
373779,6136746,Tue Sep 04 09:39:00 IST 2018,474726,WOODEN SKITTLES GARDEN SET,3,22.02,United Kingdom
-1,5960130,Wed Apr 04 13:09:00 IST 2018,440559,36 PENCILS TUBE RED RETROSPOT,3,3.4,United Kingdom
306243,6164235,Sat Sep 29 08:53:00 IST 2018,1528863,ROSE SCENT CANDLE JEWELLED DRAWER,6,5.87,United Kingdom
381381,6365183,Tue Feb 05 12:40:00 IST 2019,1787583,WHITE HANGING HEART T-LIGHT HOLDER,36,4.08,United Kingdom
317394,6329037,Mon Jan 21 11:05:00 IST 2019,468447,GOLD MUG BONE CHINA TREE OF LIFE,72,1.47,United Kingdom
-1,6393387,Tue Feb 19 05:20:00 IST 2019,487158,PANTRY MAGNETIC  SHOPPING LIST,18,4.55,United Kingdom
-1,6175081,Sun Oct 07 12:25:00 IST 2018,471597,NATURAL SLATE HEART CHALKBOARD ,9,8.0,United Kingdom
319977,6246757,Tue Dec 04 11:28:00 IST 2018,481992,60 CAKE CASES VINTAGE CHRISTMAS,72,0.76,United Kingdom
-1,6146910,Sat Sep 15 07:11:00 IST 2018,475923,JUMBO BAG DOLLY GIRL DESIGN,9,5.7,United Kingdom
313131,6180570,Fri Oct 12 07:45:00 IST 2018,469308,TEA BAG PLATE RED RETROSPOT,36,1.18,EIRE
-1,6225109,Mon Nov 19 12:48:00 IST 2018,486990,BUNDLE OF 3 SCHOOL EXERCISE BOOKS  ,3,4.55,United Kingdom
381759,5945192,Wed Mar 21 10:22:00 IST 2018,448581,LOVE LARGE WOOD LETTERS ,6,17.6,United Kingdom
307902,6056732,Sun Jul 01 08:26:00 IST 2018,472458,WOODEN REGATTA BUNTING,3,8.22,United Kingdom
261177,6247010,Tue Dec 04 12:58:00 IST 2018,443562,SET/10 PINK POLKADOT PARTY CANDLES,72,1.73,France
267729,6079634,Sun Jul 22 11:25:00 IST 2018,481698,CUPCAKE LACE PAPER SET 6,36,2.7,United Kingdom
316953,5995209,Wed May 09 09:56:00 IST 2018,476931,WRAP CIRCUS PARADE,225,0.58,United Kingdom
282471,5945995,Fri Mar 23 11:35:00 IST 2018,473718,CLOTHES PEGS RETROSPOT PACK 24 ,9,2.06,United Kingdom
344547,6104956,Fri Aug 10 10:28:00 IST 2018,455070,BLUE SPOT CERAMIC DRAWER KNOB,18,1.73,United Kingdom
337029,6250068,Fri Dec 07 10:33:00 IST 2018,461853,FLORAL FOLK STATIONERY SET,9,1.73,United Kingdom
308616,5902281,Mon Feb 12 11:37:00 IST 2018,457590,VINTAGE SNAP CARDS,36,1.18,United Kingdom
305361,5961714,Sat Apr 07 10:16:00 IST 2018,440685,HEART CALCULATOR,3,1.73,United Kingdom
-1,5979006,Mon Apr 23 12:52:00 IST 2018,469980,TOY TIDY SPACEBOY  ,3,5.7,United Kingdom
-1,6345240,Mon Jan 28 11:23:00 IST 2019,489090,SPACEBOY CHILDRENS BOWL,9,3.4,United Kingdom
-1,6146547,Sat Sep 15 06:23:00 IST 2018,1771980,SET OF 3 BUTTERFLY COOKIE CUTTERS,3,3.4,United Kingdom
378462,6319291,Wed Jan 16 08:45:00 IST 2019,490728,SET 12 COLOUR PENCILS DOLLY GIRL ,3,0.9,United Kingdom
-1,6017462,Fri Jun 01 07:00:00 IST 2018,1776516,SMALL MARSHMALLOWS PINK BOWL,3,1.15,United Kingdom
354711,6220291,Sat Nov 17 07:31:00 IST 2018,482559,PANTRY WASHING UP BRUSH,3,2.01,United Kingdom
352422,5917505,Tue Feb 20 07:28:00 IST 2018,471618,CAST IRON HOOK GARDEN FORK,3,3.52,United Kingdom
352800,6370837,Sat Feb 09 10:06:00 IST 2019,1734243,HOT BATHS METAL SIGN,6,2.9,United Kingdom
356664,6182341,Sat Oct 13 13:37:00 IST 2018,470694,DOORMAT NEIGHBOURHOOD WITCH ,3,10.98,United Kingdom
313131,5906725,Wed Feb 14 10:04:00 IST 2018,481782,CHRISTMAS LIGHTS 10 SANTAS ,30,11.73,EIRE
343518,6395620,Tue Feb 19 11:09:00 IST 2019,490707,SET 12 COLOUR PENCILS SPACEBOY ,72,0.9,United Kingdom
364308,6365909,Wed Feb 06 07:25:00 IST 2019,461790,MODERN FLORAL STATIONERY SET,3,1.73,United Kingdom
288015,5941848,Mon Mar 19 08:15:00 IST 2018,467145,"HOOK, 1 HANGER ,MAGIC GARDEN",18,1.18,United Kingdom
304542,6261519,Fri Dec 14 10:56:00 IST 2018,477162,SET OF 6 SPICE TINS PANTRY DESIGN,3,5.46,United Kingdom
341124,5903018,Tue Feb 13 07:41:00 IST 2018,1789536,ASSORTED CAKES FRIDGE MAGNETS,36,0.9,United Kingdom
306264,6119080,Tue Aug 21 16:03:00 IST 2018,1782459,ASSORTED COLOUR BIRD ORNAMENT,24,2.34,United Kingdom
365862,5985969,Mon Apr 30 10:44:00 IST 2018,443856,PAINTED METAL PEARS ASSORTED,24,2.34,United Kingdom
-1,6099632,Sun Aug 05 11:54:00 IST 2018,460929,SET OF 6 STRAWBERRY CHOPSTICKS,6,3.4,United Kingdom
352674,6373521,Sun Feb 10 08:46:00 IST 2019,475986,RECIPE BOX PANTRY YELLOW DESIGN,9,4.08,United Kingdom
349797,6159824,Tue Sep 25 07:45:00 IST 2018,461601,PACK OF 12 WOODLAND TISSUES ,36,0.41,United Kingdom
369831,6095232,Fri Aug 03 10:44:00 IST 2018,1665741,CHILLI LIGHTS,12,7.94,United Kingdom
-1,6101634,Mon Aug 06 13:06:00 IST 2018,443856,PAINTED METAL PEARS ASSORTED,3,34.45,United Kingdom
270207,6336682,Fri Jan 25 11:30:00 IST 2019,476952,CARD DOLLY GIRL ,36,0.58,United Kingdom
370314,5943168,Tue Mar 20 08:45:00 IST 2018,474705,WOODEN CROQUET GARDEN SET,3,20.64,United Kingdom
-1,6137318,Tue Sep 04 11:35:00 IST 2018,1785525,EAU DE NILE HEART SHAPE PHOTO FRAME,3,4.55,United Kingdom
277158,5923753,Sat Feb 24 05:29:00 IST 2018,473319,MINI JIGSAW DOLLY GIRL,72,0.58,United Kingdom
293475,6005758,Sun May 20 08:19:00 IST 2018,1771938,SET OF 3 HEART COOKIE CUTTERS,15,1.73,United Kingdom
-1,5914326,Fri Feb 18 14:36:00 IST 2028,467733,FELTCRAFT DOLL MOLLY,3,8.16,United Kingdom
344946,6320105,Wed Jan 16 11:29:00 IST 2019,465591,3 HOOK PHOTO SHELF ANTIQUE WHITE,3,11.73,United Kingdom
310149,6095078,Fri Aug 03 09:01:00 IST 2018,1781388,JUNGLE POPSICLES ICE LOLLY MOULDS,15,1.73,United Kingdom
372225,6106232,Sun Aug 12 10:48:00 IST 2018,1788192,HAND OVER THE CHOCOLATE   SIGN ,144,2.56,United Kingdom
-1,6141476,Sun Sep 09 07:45:00 IST 2018,475734,DELUXE SEWING KIT ,3,17.2,United Kingdom
290115,6132126,Sat Sep 01 09:08:00 IST 2018,446040,BLUE POLKADOT CUP,48,1.18,Germany
-1,6385709,Fri Feb 15 10:51:00 IST 2019,477435,RIBBON REEL SOCKS AND MITTENS,3,5.7,United Kingdom
371826,6199116,Mon Oct 29 09:31:00 IST 2018,487368,LUNCH BAG VINTAGE LEAF DESIGN,30,2.28,United Kingdom
291186,6251740,Sat Dec 08 10:54:00 IST 2018,474348,CARD HOLDER GINGHAM HEART,36,3.99,United Kingdom
369852,6201305,Wed Oct 31 06:58:00 IST 2018,443877,BLACK RECORD COVER FRAME,12,5.18,United Kingdom
-1,5914018,Fri Feb 18 11:28:00 IST 2028,471681,SAVOY ART DECO CLOCK,3,35.18,United Kingdom
-1,5906802,Wed Feb 14 10:27:00 IST 2018,1764630,ENGLISH ROSE HOT WATER BOTTLE,12,11.69,United Kingdom
266595,6084573,Wed Jul 25 09:15:00 IST 2018,461055,DOORMAT UNION JACK GUNS AND ROSES,6,10.98,France
283248,6103526,Wed Aug 08 06:41:00 IST 2018,488376,CHILDRENS CUTLERY SPACEBOY ,12,5.73,United Kingdom
375018,6014371,Mon May 28 10:02:00 IST 2018,1732122,WOODEN PICTURE FRAME WHITE FINISH,36,3.52,United Kingdom
355299,6150518,Mon Sep 17 09:35:00 IST 2018,442890,SET/6 COLLAGE PAPER PLATES,24,0.54,United Kingdom
318276,6395994,Tue Feb 19 14:22:00 IST 2019,494592,BICYCLE PUNCTURE REPAIR KIT ,18,2.88,United Kingdom
355488,6074970,Fri Jul 20 07:56:00 IST 2018,455133,WHITE SPOT BLUE CERAMIC DRAWER KNOB,18,1.73,United Kingdom
310968,6164323,Sat Sep 29 09:33:00 IST 2018,471114,BALLOON PUMP WITH 10 BALLOONS,12,2.7,United Kingdom
282576,6348870,Wed Jan 30 06:46:00 IST 2019,481110,PAPER CHAIN KIT VINTAGE CHRISTMAS,36,4.08,United Kingdom
332367,6118255,Tue Aug 21 09:37:00 IST 2018,489468,SET OF 60 VINTAGE LEAF CAKE CASES ,72,0.76,United Kingdom
-1,6264984,Sun Dec 16 12:33:00 IST 2018,1786029,URBAN BLACK RIBBONS ,3,1.15,United Kingdom
291123,6039583,Mon Jun 18 06:20:00 IST 2018,474285,PACK OF 6 BIRDY GIFT TAGS,36,1.73,United Kingdom
-1,6212294,Sun Nov 11 06:29:00 IST 2018,1774710,SET OF 4 ENGLISH ROSE COASTERS,3,3.4,United Kingdom
294336,6085310,Sat Jul 28 05:40:00 IST 2018,997584,ENGLISH ROSE GARDEN SECATEURS,36,2.7,EIRE
267708,6322118,Fri Jan 18 12:01:00 IST 2019,440601,12 PENCILS TALL TUBE WOODLAND,18,1.18,United Kingdom
261366,6281385,Tue Dec 25 08:50:00 IST 2018,475104,IVORY KITCHEN SCALES,6,11.73,RSA
351141,6021279,Sun Jun 03 12:08:00 IST 2018,449673,PERIWINKLE T-LIGHT HOLDER,6,1.73,United Kingdom
296289,6254468,Mon Dec 10 06:18:00 IST 2018,440538,36 PENCILS TUBE SKULLS,48,1.73,United Kingdom
341418,6299436,Sun Jan 06 09:30:00 IST 2019,492177, 50'S CHRISTMAS GIFT BAG LARGE,36,1.73,United Kingdom
355383,6306630,Fri Jan 11 07:22:00 IST 2019,492576,MEDIUM PARLOUR PICTURE FRAME ,6,5.73,United Kingdom
303576,6306971,Fri Jan 11 08:53:00 IST 2019,435183,STRAWBERRY CHARLOTTE BAG,15,1.18,United Kingdom
374073,6367273,Wed Feb 06 12:13:00 IST 2019,443583,SET/10 IVORY POLKADOT PARTY CANDLES,3,1.73,United Kingdom
316239,6306685,Fri Jan 11 07:35:00 IST 2019,484659,TOADSTOOL BEDSIDE LIGHT ,3,12.36,United Kingdom
-1,6027604,Sat Jun 09 11:45:00 IST 2018,467145,"HOOK, 1 HANGER ,MAGIC GARDEN",3,2.25,United Kingdom
277431,6222304,Sat Nov 17 13:36:00 IST 2018,469014,DINOSAUR PARTY BAG + STICKER SET,15,2.28,United Kingdom
-1,6309435,Sat Jan 12 10:41:00 IST 2019,493038,WOODLAND LARGE PINK FELT HEART,3,3.4,United Kingdom
-1,6073958,Wed Jul 18 09:29:00 IST 2018,487263,mailout,300,0.0,United Kingdom
261471,5956698,Mon Apr 02 05:05:00 IST 2018,1785294,BLACK/BLUE POLKADOT UMBRELLA,18,8.22,Switzerland
301035,6219730,Fri Nov 16 09:07:00 IST 2018,472647,MEMO BOARD RETROSPOT  DESIGN,3,6.84,Germany
-1,6343084,Mon Jan 28 06:01:00 IST 2019,459396,POTTERING MUG,12,4.55,United Kingdom
292992,6052123,Wed Jun 27 05:27:00 IST 2018,784182,POLKADOT COFFEE CUP & SAUCER PINK,72,1.1,United Kingdom
277830,6042234,Tue Jun 19 15:27:00 IST 2018,1788906,EASTER BUNNY GARLAND OF FLOWERS,18,0.58,United Kingdom
265293,6103471,Wed Aug 08 06:29:00 IST 2018,464919,RETROSPOT TEA SET CERAMIC 11 PC ,9,6.84,Germany
339675,6091294,Tue Jul 31 06:25:00 IST 2018,468216,HEART IVORY TRELLIS LARGE,36,2.28,United Kingdom
325164,6395609,Tue Feb 19 11:03:00 IST 2019,481992,60 CAKE CASES VINTAGE CHRISTMAS,72,0.76,United Kingdom
305760,5975013,Wed Apr 18 07:13:00 IST 2018,477120,SET OF 3 CAKE TINS PANTRY DESIGN ,9,6.84,United Kingdom
298767,5996650,Sat May 12 08:27:00 IST 2018,471576,NATURAL SLATE CHALKBOARD LARGE ,9,6.84,United Kingdom
264243,6153851,Wed Sep 19 08:22:00 IST 2018,-1,POSTAGE,6,24.84,France
374661,6205551,Sun Nov 04 07:47:00 IST 2018,469476,CHARLOTTE BAG PINK POLKADOT,3,1.18,United Kingdom
290682,5914601,Mon Feb 19 06:39:00 IST 2018,465087,FELTCRAFT BUTTERFLY HEARTS,36,2.01,United Kingdom
259497,6322140,Fri Jan 18 12:07:00 IST 2019,476994,CARD BIRTHDAY COWBOY,72,0.58,Switzerland
278628,6032268,Mon Jun 11 12:52:00 IST 2018,1788675,CACTI T-LIGHT CANDLES,96,0.58,United Kingdom
-1,6277590,Sun Dec 23 12:37:00 IST 2018,494214,WALL ART STOP FOR TEA ,3,17.2,United Kingdom
382053,6140244,Sat Sep 08 09:58:00 IST 2018,466368,WOOD STAMP SET THANK YOU,36,1.15,United Kingdom
270396,6104318,Wed Aug 08 09:34:00 IST 2018,461496,PACK OF 60 MUSHROOM CAKE CASES,144,0.76,Belgium
364014,5974870,Wed Apr 18 05:03:00 IST 2018,462945,SPACEBOY GIFT WRAP,150,0.58,United Kingdom
306726,6133347,Sun Sep 02 07:02:00 IST 2018,1788612,HYACINTH BULB T-LIGHT CANDLES,96,0.58,United Kingdom
316281,6032466,Tue Jun 12 05:57:00 IST 2018,1500639,HANGING JAM JAR T-LIGHT HOLDER,144,1.0,United Kingdom
-1,6252521,Sun Dec 09 06:52:00 IST 2018,473529,PICTURE DOMINOES,3,3.4,United Kingdom
267687,6100039,Mon Aug 06 05:57:00 IST 2018,474726,WOODEN SKITTLES GARDEN SET,3,22.02,United Kingdom
-1,6019464,Sat Jun 02 11:15:00 IST 2018,463092,VINTAGE CARAVAN GIFT WRAP,75,0.58,United Kingdom
266343,6211370,Wed Nov 07 11:44:00 IST 2018,489153,SET OF 12 FAIRY CAKE BAKING CASES,24,1.15,France
265041,6097575,Sat Aug 04 11:38:00 IST 2018,468888,ROUND SNACK BOXES SET OF 4 FRUITS ,36,4.08,Germany
318339,6150342,Mon Sep 17 08:22:00 IST 2018,484953,SMALL PARISIENNE HEART PHOTO FRAME ,24,3.44,United Kingdom
306537,6370595,Sat Feb 09 09:13:00 IST 2019,460572,SCANDINAVIAN PAISLEY PICNIC BAG,3,2.28,United Kingdom
361473,6169702,Tue Oct 02 11:47:00 IST 2018,1732143,WOOD 2 DRAWER CABINET WHITE FINISH,6,9.6,United Kingdom
374661,5997079,Sat May 12 11:19:00 IST 2018,999474,SCOTTIES DESIGN WASHBAG,-3,2.7,United Kingdom
333207,6348045,Tue Jan 29 12:39:00 IST 2019,434259,EDWARDIAN PARASOL RED,6,8.22,United Kingdom
302316,6266722,Mon Dec 17 12:09:00 IST 2018,493794,EMBROIDERED RIBBON REEL SALLY ,18,2.88,United Kingdom
333018,5992745,Mon May 07 09:21:00 IST 2018,1789767,SET OF 6 3D KIT CARDS FOR KIDS,6,1.18,United Kingdom
-1,6108047,Mon Aug 13 13:30:00 IST 2018,475209,SPACEBOY LUNCH BOX ,3,5.7,United Kingdom
377937,6155028,Fri Sep 21 11:17:00 IST 2018,441693,JUMBO BAG CHARLIE AND LOLA TOYS,12,2.88,United Kingdom
296016,6251806,Sat Dec 08 11:28:00 IST 2018,462651,BOTANICAL LAVENDER BIRTHDAY CARD,6,1.15,United Kingdom
-1,6330247,Mon Jan 21 12:14:00 IST 2019,482748,SOLDIERS EGG CUP ,3,3.4,United Kingdom
328188,6218476,Wed Nov 14 08:52:00 IST 2018,465087,FELTCRAFT BUTTERFLY HEARTS,36,2.01,United Kingdom
308931,6228134,Wed Nov 21 09:42:00 IST 2018,451101,FAWN BLUE HOT WATER BOTTLE,3,5.18,United Kingdom
-1,6264984,Sun Dec 16 12:33:00 IST 2018,466137,POPCORN HOLDER,3,2.25,United Kingdom
306726,6255337,Mon Dec 10 09:00:00 IST 2018,457611,VINTAGE HEADS AND TAILS CARD GAME ,3,1.73,United Kingdom
358764,6319984,Wed Jan 16 10:49:00 IST 2019,459543,STARS GIFT TAPE ,36,0.9,United Kingdom
262752,6264819,Sun Dec 16 10:55:00 IST 2018,434322,RED RETROSPOT CHILDRENS UMBRELLA,9,4.49,Israel
-1,6309435,Sat Jan 12 10:41:00 IST 2019,463596,6 RIBBONS EMPIRE  ,24,1.73,United Kingdom
-1,6033555,Tue Jun 12 10:34:00 IST 2018,457548,KIDS RAIN MAC BLUE,15,2.25,United Kingdom
362103,6200612,Tue Oct 30 09:01:00 IST 2018,478674,SWEETHEART WIRE MAGAZINE RACK,9,10.98,United Kingdom
344778,6301449,Mon Jan 07 08:39:00 IST 2019,468321,COFFEE MUG CAT + BIRD DESIGN,18,3.52,United Kingdom
370692,6238518,Wed Nov 28 10:39:00 IST 2018,466137,POPCORN HOLDER,36,1.18,United Kingdom
302148,6228101,Wed Nov 21 09:26:00 IST 2018,487200,JUMBO BAG PEARS,30,2.88,United Kingdom
383943,6332348,Tue Jan 22 10:59:00 IST 2019,495243,LUNCH BAG PAISLEY PARK  ,3,2.28,United Kingdom
361011,6107233,Mon Aug 13 08:13:00 IST 2018,477141,SET OF 3 CAKE TINS SKETCHBOOK,6,6.84,United Kingdom
267708,6345779,Mon Jan 28 13:24:00 IST 2019,487263,JUMBO BAG VINTAGE DOILY ,60,2.88,United Kingdom
335853,6338805,Sat Jan 26 10:09:00 IST 2019,485100,SILVER BELLS TABLE DECORATION,9,1.73,United Kingdom
321111,5950846,Mon Mar 26 12:14:00 IST 2018,478002,CUPBOARD 3 DRAWER MA CAMPAGNE,3,20.64,United Kingdom
-1,5937118,Sun Mar 04 11:19:00 IST 2018,469497,KINGS CHOICE BISCUIT TIN,3,11.69,United Kingdom
-1,6146514,Sat Sep 15 06:17:00 IST 2018,456876,BATH BUILDING BLOCK WORD,3,16.05,United Kingdom
295848,6314737,Mon Jan 14 10:50:00 IST 2019,489531,VINTAGE CHRISTMAS STOCKING ,144,2.9,United Kingdom
-1,6118607,Tue Aug 21 11:34:00 IST 2018,488775,SET OF 3 HANGING OWLS OLLIE BEAK,3,3.4,United Kingdom
-1,6393409,Tue Feb 19 05:28:00 IST 2019,442176,DOCTOR'S BAG SOFT TOY,3,22.95,United Kingdom
-1,5935941,Sat Mar 03 11:03:00 IST 2018,1894032,JADE DROP EARRINGS W FILIGREE,3,7.03,United Kingdom
318066,5990281,Sat May 05 09:07:00 IST 2018,472941,CHILDS GARDEN TROWEL PINK,36,1.18,United Kingdom
-1,6157976,Sun Sep 23 12:11:00 IST 2018,453978,4 WILDFLOWER BOTANICAL CANDLES,12,3.4,United Kingdom
-1,5986244,Tue May 01 06:30:00 IST 2018,469959,RECYCLING BAG RETROSPOT ,6,6.85,United Kingdom
-1,5923764,Sat Feb 24 05:35:00 IST 2018,466095,LARGE HEART MEASURING SPOONS,15,4.64,United Kingdom
379155,6383344,Wed Feb 13 10:25:00 IST 2019,441714,REX CASH+CARRY JUMBO SHOPPER,12,1.32,United Kingdom
351057,6130839,Sat Sep 01 06:34:00 IST 2018,487263,JUMBO BAG DOILEY PATTERNS,30,2.88,United Kingdom
363615,6094990,Fri Aug 03 08:22:00 IST 2018,489300,GARDENERS KNEELING PAD CUP OF TEA ,6,2.28,United Kingdom
270312,5953948,Sat Mar 31 06:52:00 IST 2018,471324,GROW YOUR OWN PLANT IN A CAN ,18,1.73,United Kingdom
275037,6190492,Sun Oct 21 08:07:00 IST 2018,463953,MOTORING TISSUE BOX,12,0.54,United Kingdom
295008,6004372,Sat May 19 09:49:00 IST 2018,1787583,WHITE HANGING HEART T-LIGHT HOLDER,-24,4.08,United Kingdom
-1,6021235,Sun Jun 03 11:48:00 IST 2018,459375,KINGS CHOICE MUG,3,4.55,United Kingdom
-1,6314836,Mon Jan 14 11:38:00 IST 2019,475881,CHARLOTTE BAG DOLLY GIRL DESIGN,3,2.25,United Kingdom
326487,6238969,Fri Nov 30 10:27:00 IST 2018,1782459,ASSORTED COLOUR BIRD ORNAMENT,24,2.34,United Kingdom
302295,6392804,Mon Feb 18 10:34:00 IST 2019,459942,"KEY FOB , FRONT  DOOR ",24,0.9,United Kingdom
275058,6079810,Mon Jul 23 03:35:00 IST 2018,464856,LOVE HEART SOCK HANGER,36,2.28,United Kingdom
-1,6283827,Wed Dec 26 13:17:00 IST 2018,488964,DOORMAT KEEP CALM AND COME IN,3,22.95,United Kingdom
335874,6284025,Fri Dec 28 08:28:00 IST 2018,476070,FRENCH WC SIGN BLUE METAL,9,1.73,United Kingdom
325542,6363280,Tue Feb 05 08:48:00 IST 2019,481362,FRIDGE MAGNETS US DINER ASSORTED,36,1.18,United Kingdom
319788,6182935,Sun Oct 14 08:27:00 IST 2018,487032,BUNDLE OF 3 ALPHABET EXERCISE BOOKS,36,2.28,United Kingdom
318150,6152839,Tue Sep 18 13:33:00 IST 2018,482349,HOMEMADE JAM SCENTED CANDLES,36,2.01,United Kingdom
278649,6395565,Tue Feb 19 10:53:00 IST 2019,482853,SET OF 4 PANTRY JELLY MOULDS,36,1.73,United Kingdom
-1,6075718,Sat Jul 21 07:51:00 IST 2018,475188,PICNIC BOXES SET OF 3 RETROSPOT ,3,6.84,United Kingdom
346605,6325550,Sun Jan 20 08:14:00 IST 2019,490413,6 GIFT TAGS VINTAGE CHRISTMAS ,432,1.15,United Kingdom
-1,6339619,Sat Jan 26 11:22:00 IST 2019,455784,BAG 250g SWIRLY MARBLES,3,2.25,United Kingdom
309855,5945830,Fri Mar 23 10:02:00 IST 2018,455049,BLUE STRIPE CERAMIC DRAWER KNOB,36,1.73,United Kingdom
-1,6192263,Mon Oct 22 12:51:00 IST 2018,473718,CLOTHES PEGS RETROSPOT PACK 24 ,3,4.55,United Kingdom
259854,6339795,Sat Jan 26 11:37:00 IST 2019,464373,GREY HEART HOT WATER BOTTLE,12,5.87,Austria
297255,6017033,Wed May 30 10:13:00 IST 2018,315924,RED PAPER PARASOL,30,4.08,United Kingdom
311661,6275555,Sun Dec 23 05:41:00 IST 2018,455028,RED STRIPE CERAMIC DRAWER KNOB,72,1.73,United Kingdom
352086,6010433,Wed May 23 11:22:00 IST 2018,481047,PACK OF 20 NAPKINS PANTRY DESIGN,108,1.18,United Kingdom
375837,6131367,Sat Sep 01 07:23:00 IST 2018,445368,PASTEL COLOUR HONEYCOMB FAN,15,0.54,United Kingdom
-1,6092427,Tue Jul 31 09:30:00 IST 2018,465738,VICTORIAN GLASS HANGING T-LIGHT,36,1.73,Unspecified
360780,5966620,Tue Apr 10 14:05:00 IST 2018,466683,CAKE PLATE LOVEBIRD PINK,3,6.84,United Kingdom
334572,6140651,Sat Sep 08 11:28:00 IST 2018,449211,FRENCH LAVENDER SCENT HEART,144,1.04,United Kingdom
261177,6124976,Mon Aug 27 05:01:00 IST 2018,471219,6 ROCKET BALLOONS ,72,0.9,France
270207,6077159,Sat Jul 21 11:34:00 IST 2018,482454,CHILDRENS DOLLY GIRL MUG,18,2.28,United Kingdom
332367,6053630,Fri Jun 29 09:27:00 IST 2018,481698,CUPCAKE LACE PAPER SET 6,36,2.7,United Kingdom
-1,6077423,Sat Jul 21 12:21:00 IST 2018,999054,ENGLISH ROSE SCENTED HANGING FLOWER,3,3.4,United Kingdom
328272,6065587,Tue Jul 10 09:41:00 IST 2018,435267,LUNCH BAG  BLACK SKULL.,30,2.28,United Kingdom
288582,5960405,Fri Apr 06 10:59:00 IST 2018,473571,PLASTERS IN TIN SPACEBOY,3,2.28,United Kingdom
381633,6099456,Sun Aug 05 10:25:00 IST 2018,481425,BLUE GIANT GARDEN THERMOMETER,30,8.22,United Kingdom
308448,6168701,Tue Oct 02 06:30:00 IST 2018,444402,TOXIC AREA  DOOR HANGER ,72,0.54,United Kingdom
-1,5992492,Mon May 07 07:12:00 IST 2018,472542,PICNIC BASKET WICKER SMALL,12,11.45,United Kingdom
-1,6386710,Sat Feb 16 07:48:00 IST 2019,435750,RED RETROSPOT MINI CASES,3,22.95,United Kingdom
-1,6062903,Sun Jul 08 12:54:00 IST 2018,459900,"KEY FOB , SHED",3,2.25,United Kingdom
309435,6013348,Sun May 27 11:33:00 IST 2018,482622,PANTRY PASTRY BRUSH,36,1.73,United Kingdom
292992,6052123,Wed Jun 27 05:27:00 IST 2018,466263,MILK PAN RED RETROSPOT,12,5.18,United Kingdom
-1,5953409,Wed Mar 28 10:06:00 IST 2018,477288,ALARM CLOCK BAKELIKE PINK,3,10.3,United Kingdom
-1,6157811,Sun Sep 23 09:46:00 IST 2018,472521,PICNIC BASKET WICKER LARGE,6,28.7,United Kingdom
337785,6279636,Mon Dec 24 13:19:00 IST 2018,493563,PLAYING CARDS KEEP CALM & CARRY ON,12,1.73,United Kingdom
-1,5964772,Mon Apr 09 12:01:00 IST 2018,445578,RED SPOTTY BISCUIT TIN,3,11.45,United Kingdom
357315,6259000,Tue Dec 11 13:36:00 IST 2018,477015,CARD WEDDING DAY,36,0.58,United Kingdom
343476,6102657,Tue Aug 07 07:51:00 IST 2018,1788192,HAND OVER THE CHOCOLATE   SIGN ,9,2.9,United Kingdom
293769,6265204,Mon Dec 17 05:47:00 IST 2018,487893,WRAP POPPIES  DESIGN,75,0.58,United Kingdom
345324,6221556,Sat Nov 17 10:27:00 IST 2018,460194,BLUE HARMONICA IN BOX ,15,1.73,United Kingdom
325941,6080976,Mon Jul 23 08:47:00 IST 2018,470946,ENAMEL WASH BOWL CREAM,3,5.18,United Kingdom
296016,6244216,Mon Dec 03 10:40:00 IST 2018,1501017,COLOUR GLASS. STAR T-LIGHT HOLDER,6,9.15,United Kingdom
303471,6274653,Sat Dec 22 09:38:00 IST 2018,474306,FELTCRAFT HAIRBAND PINK AND BLUE,18,1.18,United Kingdom
295785,5924974,Sat Feb 24 09:28:00 IST 2018,481803,CHRISTMAS LIGHTS 10 VINTAGE BAUBLES,15,6.84,United Kingdom
261891,6152278,Tue Sep 18 08:38:00 IST 2018,482181,JAM MAKING SET PRINTED,72,2.01,Germany
274869,6080019,Mon Jul 23 06:36:00 IST 2018,486591,REGENCY TEA PLATE GREEN ,36,2.28,United Kingdom
293055,6154753,Wed Sep 19 13:19:00 IST 2018,466116,SMALL HEART MEASURING SPOONS,3,1.18,United Kingdom
-1,6037834,Sat Jun 16 12:01:00 IST 2018,441735,SET/2 RED RETROSPOT TEA TOWELS ,3,9.15,United Kingdom
280644,6259033,Tue Dec 11 14:13:00 IST 2018,483672,DRAWER KNOB CRACKLE GLAZE IVORY,18,2.28,United Kingdom
